{"metadata":{"usedHelpers":[],"marked":[],"modules":{"imports":[],"exports":{"exported":[],"specifiers":[]}}},"options":{"filename":"/server/indexes.js","filenameRelative":"/server/indexes.js","env":{},"retainLines":false,"highlightCode":true,"suppressDeprecationMessages":false,"presets":[],"plugins":[[[],null],[[],null],[[],null],[[],null],[[],null],[[],null],[[],null],[[],{"polyfill":false}],[[],null],[[],null],[[],null],[[],null],[[],null],[[],null],[[],null],[[],null],[[],{"loose":true}],[[],{"loose":true}],[[],null],[[],{"loose":true}],[[],null],[[],null],[[],{"allowTopLevelThis":true,"strict":false,"loose":true}],[[],null],[[],null],[[],null],[[],null],[[],null],[[],{"loose":true}],[[],null],[[],null],[[],null],[[],null],[[],null],[[],null],[[],null],[[],null]],"ignore":[],"code":true,"metadata":true,"ast":false,"comments":true,"compact":false,"minified":false,"sourceMap":true,"sourceMaps":true,"sourceMapTarget":"/server/indexes.js.map","sourceFileName":"/server/indexes.js","babelrc":false,"sourceType":"module","moduleIds":false,"passPerPreset":false,"basename":"indexes"},"ignored":false,"code":"Posts._ensureIndex({\n  body: 'text'\n});\n\nReviews._ensureIndex({\n  body: 'text'\n});\n\nMeteor.users._ensureIndex({\n  username: 'text'\n});","ast":null,"map":{"version":3,"sources":["/server/indexes.js"],"names":[],"mappings":"AAAA,MAAM,YAAN,CAAmB;AACjB,QAAM,MAAN;CADF;;AAIA,QAAQ,YAAR,CAAqB;AACnB,QAAM,MAAN;CADF;;AAIA,OAAO,KAAP,CAAa,YAAb,CAA0B;AACxB,YAAU,MAAV;CADF","file":"/server/indexes.js.map","sourcesContent":["Posts._ensureIndex({\n  body: 'text'\n});\n\nReviews._ensureIndex({\n  body: 'text'\n});\n\nMeteor.users._ensureIndex({\n  username: 'text'\n});\n"]},"hash":"07d26bf0d64b444ca810ec2a6de4d4c447d22fee"}
