{"metadata":{"usedHelpers":[],"marked":[],"modules":{"imports":[],"exports":{"exported":[],"specifiers":[]}}},"options":{"filename":"/client/views/shared/_follow_button.js","filenameRelative":"/client/views/shared/_follow_button.js","env":{},"retainLines":false,"highlightCode":true,"suppressDeprecationMessages":false,"presets":[],"plugins":[[[],null],[[],null],[[],null],[[],null],[[],null],[[],null],[[],null],[[],{"polyfill":false}],[[],null],[[],null],[[],null],[[],null],[[],null],[[],null],[[],null],[[],null],[[],{"loose":true}],[[],{"loose":true}],[[],null],[[],{"loose":true}],[[],null],[[],null],[[],{"allowTopLevelThis":true,"strict":false,"loose":true}],[[],null],[[],null],[[],null],[[],null],[[],null],[[],{"loose":true}],[[],null],[[],null],[[],null],[[],null],[[],null],[[],null],[[],null],[[],null]],"ignore":[],"code":true,"metadata":true,"ast":false,"comments":true,"compact":false,"minified":false,"sourceMap":true,"sourceMaps":true,"sourceMapTarget":"/client/views/shared/_follow_button.js.map","sourceFileName":"/client/views/shared/_follow_button.js","babelrc":false,"sourceType":"module","moduleIds":false,"passPerPreset":false,"basename":"_follow_button"},"ignored":false,"code":"Template.followButton.events({\n  'click [data-id=follow]': function () {\n    function clickDataIdFollow(event, template) {\n      var _this = this;\n\n      Meteor.call('users.follow', this.user._id, function (error, result) {\n        if (error) {\n          Bert.alert(error.reason, 'danger', 'growl-top-right');\n        } else {\n          Bert.alert('You are now following @' + _this.user.username, 'success', 'growl-top-right');\n        }\n      });\n    }\n\n    return clickDataIdFollow;\n  }(),\n\n  'click [data-id=unfollow]': function () {\n    function clickDataIdUnfollow(event, template) {\n      var _this2 = this;\n\n      Meteor.call('users.unfollow', this.user._id, function (error, result) {\n        if (error) {\n          Bert.alert(error.reason, 'danger', 'growl-top-right');\n        } else {\n          Bert.alert('You have unfollowed @' + _this2.user.username, 'success', 'growl-top-right');\n        }\n      });\n    }\n\n    return clickDataIdUnfollow;\n  }()\n});\n\nTemplate.followButton.helpers({\n  isThisUserNotCurrentUser: function () {\n    function isThisUserNotCurrentUser() {\n      return this.user._id !== Meteor.userId();\n    }\n\n    return isThisUserNotCurrentUser;\n  }(),\n\n  isCurrentUserFollowingThisUser: function () {\n    function isCurrentUserFollowingThisUser() {\n      return Meteor.user().followingIds && Meteor.user().followingIds.indexOf(this.user._id) > -1;\n    }\n\n    return isCurrentUserFollowingThisUser;\n  }()\n});","ast":null,"map":{"version":3,"sources":["/client/views/shared/_follow_button.js"],"names":[],"mappings":"AAAA,SAAS,YAAT,CAAsB,MAAtB,CAA6B;AAC3B;AAA0B,+BAAS,KAAT,EAAgB,QAAhB,EAA0B;;;AAClD,aAAO,IAAP,CAAY,cAAZ,EAA4B,KAAK,IAAL,CAAU,GAAV,EAAe,UAAC,KAAD,EAAQ,MAAR,EAAmB;AAC5D,YAAI,KAAJ,EAAW;AACT,eAAK,KAAL,CAAW,MAAM,MAAN,EAAc,QAAzB,EAAmC,iBAAnC,EADS;SAAX,MAEO;AACL,eAAK,KAAL,6BAAqC,MAAK,IAAL,CAAU,QAAV,EAAsB,SAA3D,EAAsE,iBAAtE,EADK;SAFP;OADyC,CAA3C,CADkD;KAA1B;;;KAA1B;;AAUA;AAA4B,iCAAS,KAAT,EAAgB,QAAhB,EAA0B;;;AACpD,aAAO,IAAP,CAAY,gBAAZ,EAA8B,KAAK,IAAL,CAAU,GAAV,EAAe,UAAC,KAAD,EAAQ,MAAR,EAAmB;AAC9D,YAAI,KAAJ,EAAW;AACT,eAAK,KAAL,CAAW,MAAM,MAAN,EAAc,QAAzB,EAAmC,iBAAnC,EADS;SAAX,MAEO;AACL,eAAK,KAAL,2BAAmC,OAAK,IAAL,CAAU,QAAV,EAAsB,SAAzD,EAAoE,iBAApE,EADK;SAFP;OAD2C,CAA7C,CADoD;KAA1B;;;KAA5B;CAXF;;AAsBA,SAAS,YAAT,CAAsB,OAAtB,CAA8B;AAC5B;AAA0B,wCAAW;AACnC,aAAO,KAAK,IAAL,CAAU,GAAV,KAAkB,OAAO,MAAP,EAAlB,CAD4B;KAAX;;;KAA1B;;AAIA;AAAgC,8CAAW;AACzC,aAAO,OAAO,IAAP,GAAc,YAAd,IAA8B,OAAO,IAAP,GAAc,YAAd,CAA2B,OAA3B,CAAmC,KAAK,IAAL,CAAU,GAAV,CAAnC,GAAoD,CAAC,CAAD,CADhD;KAAX;;;KAAhC;CALF","file":"/client/views/shared/_follow_button.js.map","sourcesContent":["Template.followButton.events({\n  'click [data-id=follow]': function(event, template) {\n    Meteor.call('users.follow', this.user._id, (error, result) => {\n      if (error) {\n        Bert.alert(error.reason, 'danger', 'growl-top-right');\n      } else {\n        Bert.alert(`You are now following @${this.user.username}`, 'success', 'growl-top-right');\n      }\n    });\n  },\n\n  'click [data-id=unfollow]': function(event, template) {\n    Meteor.call('users.unfollow', this.user._id, (error, result) => {\n      if (error) {\n        Bert.alert(error.reason, 'danger', 'growl-top-right');\n      } else {\n        Bert.alert(`You have unfollowed @${this.user.username}`, 'success', 'growl-top-right');\n      }\n    });\n  }\n});\n\nTemplate.followButton.helpers({\n  isThisUserNotCurrentUser: function() {\n    return this.user._id !== Meteor.userId();\n  },\n\n  isCurrentUserFollowingThisUser: function() {\n    return Meteor.user().followingIds && Meteor.user().followingIds.indexOf(this.user._id) > -1;\n  }\n});\n"]},"hash":"10f8a61248a3e8ceee1135bc25a4e4fff4a638de"}
