{"metadata":{"usedHelpers":[],"marked":[],"modules":{"imports":[],"exports":{"exported":[],"specifiers":[]}}},"options":{"filename":"/client/views/social.js","filenameRelative":"/client/views/social.js","env":{},"retainLines":false,"highlightCode":true,"suppressDeprecationMessages":false,"presets":[],"plugins":[[[],null],[[],null],[[],null],[[],null],[[],null],[[],null],[[],null],[[],{"polyfill":false}],[[],null],[[],null],[[],null],[[],null],[[],null],[[],null],[[],null],[[],null],[[],{"loose":true}],[[],{"loose":true}],[[],null],[[],{"loose":true}],[[],null],[[],null],[[],{"allowTopLevelThis":true,"strict":false,"loose":true}],[[],null],[[],null],[[],null],[[],null],[[],null],[[],{"loose":true}],[[],null],[[],null],[[],null],[[],null],[[],null],[[],null],[[],null],[[],null]],"ignore":[],"code":true,"metadata":true,"ast":false,"comments":true,"compact":false,"minified":false,"sourceMap":true,"sourceMaps":true,"sourceMapTarget":"/client/views/social.js.map","sourceFileName":"/client/views/social.js","babelrc":false,"sourceType":"module","moduleIds":false,"passPerPreset":false,"basename":"social"},"ignored":false,"code":"Template.social.onCreated(function () {\n  var _this = this;\n\n  this.searchQuery = new ReactiveVar('');\n  this.filter = new ReactiveVar('all');\n  this.limit = new ReactiveVar(20);\n  this.postsCount = new ReactiveVar(0);\n\n  this.autorun(function () {\n    _this.subscribe('posts.all', _this.searchQuery.get(), _this.filter.get(), _this.limit.get());\n    _this.subscribe('users.all', _this.searchQuery.get(), _this.limit.get());\n    _this.postsCount.set(Counts.get('posts.all'));\n  });\n});\n\nTemplate.social.onRendered(function () {\n  autosize($('[data-id=body]'));\n\n  // Set submit button to disabled since text field is empty\n  $('input[type=submit]').addClass('disabled');\n});\n\nTemplate.social.helpers({\n  posts: function () {\n    function posts() {\n      var instance = Template.instance();\n      if (instance.searchQuery.get()) {\n        return Posts.find({}, { sort: [['score', 'desc']] });\n      }\n      return Posts.find({}, { sort: { createdAt: -1 } });\n    }\n\n    return posts;\n  }(),\n\n  activeIfFilterIs: function () {\n    function activeIfFilterIs(filter) {\n      if (filter === Template.instance().filter.get()) {\n        return 'active';\n      }\n    }\n\n    return activeIfFilterIs;\n  }(),\n\n  hasMorePosts: function () {\n    function hasMorePosts() {\n      return Template.instance().limit.get() <= Template.instance().postsCount.get();\n    }\n\n    return hasMorePosts;\n  }(),\n  // Settings for autocomplete in post field\n  settings: function () {\n    function settings() {\n      return {\n        position: 'bottom',\n        limit: 5,\n        rules: [{\n          token: '@',\n          collection: Meteor.users,\n          field: 'username',\n          template: Template.userList,\n          filter: { _id: { $ne: Meteor.userId() } }\n        }]\n      };\n    }\n\n    return settings;\n  }()\n});\n\nTemplate.social.events({\n  'keyup [data-id=body]': function () {\n    function keyupDataIdBody(event, template) {\n      // If body section has text enable the submit button, else disable it\n      if (template.find('[data-id=body]').value.toString().trim() !== '') {\n        $('input[type=submit]').removeClass('disabled');\n      } else {\n        $('input[type=submit]').addClass('disabled');\n      }\n    }\n\n    return keyupDataIdBody;\n  }(),\n\n  'submit [data-id=insert-post-form]': function () {\n    function submitDataIdInsertPostForm(event, template) {\n      event.preventDefault();\n\n      // Only continue if button isn't disabled\n      if (!$('input[type=submit]').hasClass('disabled')) {\n        Meteor.call('posts.insert', template.find('[data-id=body]').value, function (error, result) {\n          if (error) {\n            Bert.alert(error.reason, 'danger', 'growl-top-right');\n          } else {\n            Bert.alert('Post successfully submitted', 'success', 'growl-top-right');\n            template.find('[data-id=body]').value = '';\n            $('[data-id=body]').css('height', '39px');\n            $('input[type=submit]').addClass('disabled');\n          }\n        });\n      }\n    }\n\n    return submitDataIdInsertPostForm;\n  }(),\n\n  'click [data-id=all]': function () {\n    function clickDataIdAll(event, template) {\n      template.filter.set('all');\n    }\n\n    return clickDataIdAll;\n  }(),\n\n  'click [data-id=following]': function () {\n    function clickDataIdFollowing(events, template) {\n      template.filter.set('following');\n    }\n\n    return clickDataIdFollowing;\n  }(),\n\n  'click [data-id=load-more]': function () {\n    function clickDataIdLoadMore(event, template) {\n      template.limit.set(template.limit.get() + 20);\n    }\n\n    return clickDataIdLoadMore;\n  }(),\n\n  'keyup [data-id=search-query]': _.debounce(function (event, template) {\n    event.preventDefault();\n    template.searchQuery.set(template.find('[data-id=search-query]').value);\n    template.limit.set(20);\n  }, 300),\n\n  'submit [data-id=search-posts-form]': function () {\n    function submitDataIdSearchPostsForm(event, template) {\n      event.preventDefault();\n    }\n\n    return submitDataIdSearchPostsForm;\n  }()\n});","ast":null,"map":{"version":3,"sources":["/client/views/social.js"],"names":[],"mappings":"AAAA,SAAS,MAAT,CAAgB,SAAhB,CAA0B,YAAW;;;AACnC,OAAK,WAAL,GAAmB,IAAI,WAAJ,CAAgB,EAAhB,CAAnB,CADmC;AAEnC,OAAK,MAAL,GAAc,IAAI,WAAJ,CAAgB,KAAhB,CAAd,CAFmC;AAGnC,OAAK,KAAL,GAAa,IAAI,WAAJ,CAAgB,EAAhB,CAAb,CAHmC;AAInC,OAAK,UAAL,GAAkB,IAAI,WAAJ,CAAgB,CAAhB,CAAlB,CAJmC;;AAMnC,OAAK,OAAL,CAAa,YAAM;AACjB,UAAK,SAAL,CAAe,WAAf,EAA4B,MAAK,WAAL,CAAiB,GAAjB,EAA5B,EAAoD,MAAK,MAAL,CAAY,GAAZ,EAApD,EAAuE,MAAK,KAAL,CAAW,GAAX,EAAvE,EADiB;AAEjB,UAAK,SAAL,CAAe,WAAf,EAA4B,MAAK,WAAL,CAAiB,GAAjB,EAA5B,EAAoD,MAAK,KAAL,CAAW,GAAX,EAApD,EAFiB;AAGjB,UAAK,UAAL,CAAgB,GAAhB,CAAoB,OAAO,GAAP,CAAW,WAAX,CAApB,EAHiB;GAAN,CAAb,CANmC;CAAX,CAA1B;;AAaA,SAAS,MAAT,CAAgB,UAAhB,CAA2B,YAAM;AAC/B,WAAS,EAAE,gBAAF,CAAT;;;AAD+B,GAI/B,CAAE,oBAAF,EAAwB,QAAxB,CAAiC,UAAjC,EAJ+B;CAAN,CAA3B;;AAOA,SAAS,MAAT,CAAgB,OAAhB,CAAwB;AACtB;AAAO,qBAAM;AACX,UAAM,WAAW,SAAS,QAAT,EAAX,CADK;AAEX,UAAI,SAAS,WAAT,CAAqB,GAArB,EAAJ,EAAgC;AAC9B,eAAO,MAAM,IAAN,CAAW,EAAX,EAAe,EAAE,MAAM,CAAC,CAAC,OAAD,EAAU,MAAV,CAAD,CAAN,EAAjB,CAAP,CAD8B;OAAhC;AAGA,aAAO,MAAM,IAAN,CAAW,EAAX,EAAe,EAAE,MAAM,EAAE,WAAW,CAAC,CAAD,EAAnB,EAAjB,CAAP,CALW;KAAN;;;KAAP;;AAQA;AAAkB,8BAAC,MAAD,EAAY;AAC5B,UAAI,WAAW,SAAS,QAAT,GAAoB,MAApB,CAA2B,GAA3B,EAAX,EAA6C;AAC/C,eAAO,QAAP,CAD+C;OAAjD;KADgB;;;KAAlB;;AAMA;AAAc,4BAAM;AAClB,aAAO,SAAS,QAAT,GAAoB,KAApB,CAA0B,GAA1B,MAAmC,SAAS,QAAT,GAAoB,UAApB,CAA+B,GAA/B,EAAnC,CADW;KAAN;;;KAAd;;AAIA;AAAU,wBAAM;AACd,aAAO;AACL,kBAAU,QAAV;AACA,eAAO,CAAP;AACA,eAAO,CAAC;AACN,iBAAO,GAAP;AACA,sBAAY,OAAO,KAAP;AACZ,iBAAO,UAAP;AACA,oBAAU,SAAS,QAAT;AACV,kBAAQ,EAAE,KAAK,EAAE,KAAK,OAAO,MAAP,EAAL,EAAP,EAAV;SALK,CAAP;OAHF,CADc;KAAN;;;KAAV;CAnBF;;AAkCA,SAAS,MAAT,CAAgB,MAAhB,CAAuB;AACrB;AAAwB,6BAAC,KAAD,EAAQ,QAAR,EAAqB;;AAE3C,UAAI,SAAS,IAAT,CAAc,gBAAd,EAAgC,KAAhC,CAAsC,QAAtC,GAAiD,IAAjD,OAA4D,EAA5D,EAAgE;AAClE,UAAE,oBAAF,EAAwB,WAAxB,CAAoC,UAApC,EADkE;OAApE,MAEO;AACL,UAAE,oBAAF,EAAwB,QAAxB,CAAiC,UAAjC,EADK;OAFP;KAFsB;;;KAAxB;;AASA;AAAqC,wCAAC,KAAD,EAAQ,QAAR,EAAqB;AACxD,YAAM,cAAN;;;AADwD,UAIpD,CAAC,EAAE,oBAAF,EAAwB,QAAxB,CAAiC,UAAjC,CAAD,EAA+C;AACjD,eAAO,IAAP,CAAY,cAAZ,EAA4B,SAAS,IAAT,CAAc,gBAAd,EAAgC,KAAhC,EAAuC,UAAC,KAAD,EAAQ,MAAR,EAAmB;AACpF,cAAI,KAAJ,EAAW;AACT,iBAAK,KAAL,CAAW,MAAM,MAAN,EAAc,QAAzB,EAAmC,iBAAnC,EADS;WAAX,MAEO;AACL,iBAAK,KAAL,CAAW,6BAAX,EAA0C,SAA1C,EAAqD,iBAArD,EADK;AAEL,qBAAS,IAAT,CAAc,gBAAd,EAAgC,KAAhC,GAAwC,EAAxC,CAFK;AAGL,cAAE,gBAAF,EAAoB,GAApB,CAAwB,QAAxB,EAAkC,MAAlC,EAHK;AAIL,cAAE,oBAAF,EAAwB,QAAxB,CAAiC,UAAjC,EAJK;WAFP;SADiE,CAAnE,CADiD;OAAnD;KAJmC;;;KAArC;;AAkBA;AAAuB,4BAAC,KAAD,EAAQ,QAAR,EAAqB;AAC1C,eAAS,MAAT,CAAgB,GAAhB,CAAoB,KAApB,EAD0C;KAArB;;;KAAvB;;AAIA;AAA6B,kCAAC,MAAD,EAAS,QAAT,EAAsB;AACjD,eAAS,MAAT,CAAgB,GAAhB,CAAoB,WAApB,EADiD;KAAtB;;;KAA7B;;AAIA;AAA6B,iCAAC,KAAD,EAAQ,QAAR,EAAqB;AAChD,eAAS,KAAT,CAAe,GAAf,CAAmB,SAAS,KAAT,CAAe,GAAf,KAAuB,EAAvB,CAAnB,CADgD;KAArB;;;KAA7B;;AAIA,kCAAgC,EAAE,QAAF,CAAW,UAAC,KAAD,EAAQ,QAAR,EAAqB;AAC9D,UAAM,cAAN,GAD8D;AAE9D,aAAS,WAAT,CAAqB,GAArB,CAAyB,SAAS,IAAT,CAAc,wBAAd,EAAwC,KAAxC,CAAzB,CAF8D;AAG9D,aAAS,KAAT,CAAe,GAAf,CAAmB,EAAnB,EAH8D;GAArB,EAIxC,GAJ6B,CAAhC;;AAMA;AAAsC,yCAAC,KAAD,EAAQ,QAAR,EAAqB;AACzD,YAAM,cAAN,GADyD;KAArB;;;KAAtC;CA9CF","file":"/client/views/social.js.map","sourcesContent":["Template.social.onCreated(function() {\n  this.searchQuery = new ReactiveVar('');\n  this.filter = new ReactiveVar('all');\n  this.limit = new ReactiveVar(20);\n  this.postsCount = new ReactiveVar(0);\n\n  this.autorun(() => {\n    this.subscribe('posts.all', this.searchQuery.get(), this.filter.get(), this.limit.get());\n    this.subscribe('users.all', this.searchQuery.get(), this.limit.get());\n    this.postsCount.set(Counts.get('posts.all'));\n  });\n});\n\nTemplate.social.onRendered(() => {\n  autosize($('[data-id=body]'));\n\n  // Set submit button to disabled since text field is empty\n  $('input[type=submit]').addClass('disabled');\n});\n\nTemplate.social.helpers({\n  posts: () => {\n    const instance = Template.instance();\n    if (instance.searchQuery.get()) {\n      return Posts.find({}, { sort: [['score', 'desc']] });\n    }\n    return Posts.find({}, { sort: { createdAt: -1 } });\n  },\n\n  activeIfFilterIs: (filter) => {\n    if (filter === Template.instance().filter.get()) {\n      return 'active';\n    }\n  },\n\n  hasMorePosts: () => {\n    return Template.instance().limit.get() <= Template.instance().postsCount.get();\n  },\n  // Settings for autocomplete in post field\n  settings: () => {\n    return {\n      position: 'bottom',\n      limit: 5,\n      rules: [{\n        token: '@',\n        collection: Meteor.users,\n        field: 'username',\n        template: Template.userList,\n        filter: { _id: { $ne: Meteor.userId() }}\n      }]\n    };\n  }\n});\n\nTemplate.social.events({\n  'keyup [data-id=body]': (event, template) => {\n    // If body section has text enable the submit button, else disable it\n    if (template.find('[data-id=body]').value.toString().trim() !== '') {\n      $('input[type=submit]').removeClass('disabled');\n    } else {\n      $('input[type=submit]').addClass('disabled');\n    }\n  },\n\n  'submit [data-id=insert-post-form]': (event, template) => {\n    event.preventDefault();\n\n    // Only continue if button isn't disabled\n    if (!$('input[type=submit]').hasClass('disabled')) {\n      Meteor.call('posts.insert', template.find('[data-id=body]').value, (error, result) => {\n        if (error) {\n          Bert.alert(error.reason, 'danger', 'growl-top-right');\n        } else {\n          Bert.alert('Post successfully submitted', 'success', 'growl-top-right');\n          template.find('[data-id=body]').value = '';\n          $('[data-id=body]').css('height', '39px');\n          $('input[type=submit]').addClass('disabled');\n        }\n      });\n    }\n  },\n\n  'click [data-id=all]': (event, template) => {\n    template.filter.set('all');\n  },\n\n  'click [data-id=following]': (events, template) => {\n    template.filter.set('following');\n  },\n\n  'click [data-id=load-more]': (event, template) => {\n    template.limit.set(template.limit.get() + 20);\n  },\n\n  'keyup [data-id=search-query]': _.debounce((event, template) => {\n    event.preventDefault();\n    template.searchQuery.set(template.find('[data-id=search-query]').value);\n    template.limit.set(20);\n  }, 300),\n\n  'submit [data-id=search-posts-form]': (event, template) => {\n    event.preventDefault();\n  }\n});\n"]},"hash":"1f5e8ce19a8f8a523dbcd5521227191d0fb7b3a5"}
