{"metadata":{"usedHelpers":[],"marked":[],"modules":{"imports":[],"exports":{"exported":[],"specifiers":[]}}},"options":{"filename":"/client/views/messages.js","filenameRelative":"/client/views/messages.js","env":{},"retainLines":false,"highlightCode":true,"suppressDeprecationMessages":false,"presets":[],"plugins":[[[],null],[[],null],[[],null],[[],null],[[],null],[[],null],[[],null],[[],{"polyfill":false}],[[],null],[[],null],[[],null],[[],null],[[],null],[[],null],[[],null],[[],null],[[],{"loose":true}],[[],{"loose":true}],[[],null],[[],{"loose":true}],[[],null],[[],null],[[],{"allowTopLevelThis":true,"strict":false,"loose":true}],[[],null],[[],null],[[],null],[[],null],[[],null],[[],{"loose":true}],[[],null],[[],null],[[],null],[[],null],[[],null],[[],null],[[],null],[[],null]],"ignore":[],"code":true,"metadata":true,"ast":false,"comments":true,"compact":false,"minified":false,"sourceMap":true,"sourceMaps":true,"sourceMapTarget":"/client/views/messages.js.map","sourceFileName":"/client/views/messages.js","babelrc":false,"sourceType":"module","moduleIds":false,"passPerPreset":false,"basename":"messages"},"ignored":false,"code":"/* Function to check if view passed in is the current view */\nfunction isCurrentView(v) {\n  if (Session.get('currentView') === v) {\n    return true;\n  } else {\n    return false;\n  }\n}\n\n/* Function to get the userId of the other user (not current user) */\nfunction getOtherUserId(fromId, toId) {\n  if (fromId === Meteor.userId()) {\n    return toId;\n  } else {\n    return fromId;\n  }\n}\n\n/* Function to get the username of the other user (not current user) */\nfunction getOtherUsername(fromName, toName) {\n  if (fromName === Meteor.user().username) {\n    Session.set('originating', 'from');\n    return toName;\n  } else {\n    Session.set('originating', 'to');\n    return fromName;\n  }\n}\n\n/* Function to format the passed in date */\nfunction performFormatting(date) {\n  var currDate = moment(new Date()),\n      msgDate = moment(new Date(date));\n\n  var diff = currDate.diff(msgDate, 'days');\n\n  if (diff === 0 && currDate.day() === msgDate.day()) {\n    return moment(date).format('h:mm a');\n  } else if (diff < 7 && currDate.day() !== msgDate.day()) {\n    return moment(date).format('dddd');\n  } else {\n    if (currDate.year() != msgDate.year()) {\n      return moment(date).format('MM/DD/YY');\n    } else {\n      return moment(date).format('MMM DD');\n    }\n  }\n}\n\n/* Helper function available to all templates that calls getOtherUsername */\nTemplate.registerHelper('getOtherUsername', function (fromName, toName) {\n  return getOtherUsername(fromName, toName);\n});\n\n/* On messages template created */\nTemplate.messages.onCreated(function () {\n  var _this = this;\n\n  this.searchQuery = new ReactiveVar('');\n  this.limit = new ReactiveVar(20);\n  this.usersCount = new ReactiveVar(0);\n\n  this.autorun(function () {\n    //Set subscriptions\n    _this.subscribe('users.all', _this.searchQuery.get(), _this.limit.get());\n    _this.usersCount.set(Counts.get('users.all'));\n    _this.subscribe('messages.all');\n\n    //Set session variables\n    Session.set('currentView', 'allMessages');\n    Session.set('selectedMsg', '');\n    Session.set('originating', '');\n    $('#allMessagesButton').addClass('active');\n  });\n});\n\n/* messages template helpers */\nTemplate.messages.helpers({\n  showAllMessages: function () {\n    function showAllMessages() {\n      return isCurrentView('allMessages');\n    }\n\n    return showAllMessages;\n  }(),\n  showSingleMessage: function () {\n    function showSingleMessage() {\n      return isCurrentView('singleMessage');\n    }\n\n    return showSingleMessage;\n  }(),\n  showCompose: function () {\n    function showCompose() {\n      return isCurrentView('compose');\n    }\n\n    return showCompose;\n  }()\n});\n\n/* messages template events */\nTemplate.messages.events({\n  'click #allMessagesButton, click #composeButton': function () {\n    function clickAllMessagesButtonClickComposeButton(event, template) {\n      //Set template based on button that was clicked\n      $('button').removeClass('active');\n      $('#' + event.target.id).addClass('active');\n      Session.set('currentView', event.target.id.toString().replace('Button', ''));\n    }\n\n    return clickAllMessagesButtonClickComposeButton;\n  }()\n});\n\n/* allMessages helpers */\nTemplate.allMessages.helpers({\n  getAllMessages: function () {\n    function getAllMessages() {\n      //Find all messages that current user is involved in\n      return Messages.find({ $or: [{ 'originatingFromId': Meteor.userId(), 'conversation.originatingFromDeleted': false }, { 'originatingToId': Meteor.userId(), 'conversation.originatingToDeleted': false }] }, { sort: { 'conversation.sentOn': -1 } });\n    }\n\n    return getAllMessages;\n  }(),\n  messagesEmpty: function () {\n    function messagesEmpty() {\n      //Check if current user has any messages\n      if (Messages.find({ $or: [{ 'originatingFromId': Meteor.userId(), 'conversation.originatingFromDeleted': false }, { 'originatingToId': Meteor.userId(), 'conversation.originatingToDeleted': false }] }).count() === 0) {\n        return true;\n      } else {\n        return false;\n      }\n    }\n\n    return messagesEmpty;\n  }(),\n  formatDate: function () {\n    function formatDate(conversation) {\n      if (conversation.length > 0) {\n        var date = conversation[conversation.length - 1].sentOn;\n\n        return performFormatting(date);\n      }\n    }\n\n    return formatDate;\n  }(),\n  getMostRecentBody: function () {\n    function getMostRecentBody(conversation) {\n      if (conversation.length > 0) {\n        return conversation[conversation.length - 1].body;\n      }\n    }\n\n    return getMostRecentBody;\n  }(),\n  getMostRecentRead: function () {\n    function getMostRecentRead(conversation) {\n      //Determine if message has been read\n      if (conversation.length > 0) {\n        if (conversation[conversation.length - 1].to.userId === Meteor.userId()) {\n          if (!conversation[conversation.length - 1].to.read) {\n            return 'notRead';\n          }\n        }\n      }\n\n      return '';\n    }\n\n    return getMostRecentRead;\n  }()\n});\n\n/* allMessages template events */\nTemplate.allMessages.events({\n  'click .msg': function () {\n    function clickMsg(event, template) {\n      //Make sure selected message exists\n      var selectedMsg = Messages.findOne({ _id: event.currentTarget.id });\n      if (selectedMsg) {\n        if (selectedMsg.conversation[selectedMsg.conversation.length - 1].to.userId === Meteor.userId()) {\n          //Check if most recent message is TO the current user\n          if (!selectedMsg.conversation[selectedMsg.conversation.length - 1].to.read) {\n            //Update read field to true\n            Meteor.call('messages.updateRead', selectedMsg._id, true, function (error, result) {\n              //Do nothing\n            });\n          }\n        }\n      }\n\n      //Set current view to singleMssage template\n      $('button').removeClass('active');\n      Session.set('selectedMsg', event.currentTarget.id);\n      Session.set('currentView', 'singleMessage');\n    }\n\n    return clickMsg;\n  }(),\n  'click .remove-message': function () {\n    function clickRemoveMessage(event, template) {\n      event.stopPropagation();\n\n      //Sweet Alert delete confirmation\n      swal({\n        title: 'Delete message?',\n        text: 'Are you sure that you want to delete this message?',\n        type: 'error',\n        showCancelButton: true,\n        closeOnConfirm: true,\n        cancelButtonText: 'No',\n        confirmButtonText: 'Yes, delete it!',\n        confirmButtonColor: '#da5347'\n      }, function () {\n        //Get the id of the message to be deleted\n        var msgId = event.currentTarget.parentNode.parentNode.id;\n\n        //Make sure message exists\n        var msg = Messages.findOne({ '_id': msgId });\n        var whoDeleted = void 0;\n\n        //If message exists\n        if (msg) {\n          //Set deleted correctly\n          if (msg.originatingFromId === Meteor.userId()) {\n            whoDeleted = 'from';\n          } else {\n            whoDeleted = 'to';\n          }\n\n          //Remove selected message\n          Meteor.call('messages.remove', msgId, whoDeleted, function (error, result) {\n            if (error) {\n              Bert.alert('Message couldn\\'t be deleted.', 'danger', 'growl-top-right');\n            } else {\n              Bert.alert('Message deleted', 'success', 'growl-top-right');\n            }\n          });\n        } else {\n          Bert.alert('Message couldn\\'t be deleted.', 'danger', 'growl-top-right');\n        }\n      });\n    }\n\n    return clickRemoveMessage;\n  }()\n});\n\n/* singleMessage template on rendered */\nTemplate.singleMessage.onRendered(function () {\n  //Move to bottom of div so most recent message is shown\n  $('#singleMessageArea').scrollTop($('#singleMessageArea')[0].scrollHeight);\n\n  //Set focus to the reply body text area\n  $('[data-id=reply-body]').focus();\n\n  //Set submit button to disabled since text field is empty\n  $('[data-id=reply-submit]').addClass('disabled');\n});\n\n/* singleMessage template helpers */\nTemplate.singleMessage.helpers({\n  getSingleMessage: function () {\n    function getSingleMessage() {\n      return Messages.findOne({ '_id': Session.get('selectedMsg') });\n    }\n\n    return getSingleMessage;\n  }(),\n  showMessage: function () {\n    function showMessage(originatingFromDeleted, originatingToDeleted) {\n      //Don't show messages that have been previously deleted\n      if (Session.equals('originating', 'from')) {\n        return !originatingFromDeleted;\n      } else {\n        return !originatingToDeleted;\n      }\n    }\n\n    return showMessage;\n  }(),\n  fromOtherUser: function () {\n    function fromOtherUser(from, to) {\n      if (from.userId !== Meteor.userId()) {\n        return true;\n      } else {\n        return false;\n      }\n    }\n\n    return fromOtherUser;\n  }(),\n  formatDate: function () {\n    function formatDate(date) {\n      return performFormatting(date);\n    }\n\n    return formatDate;\n  }()\n});\n\n/* singleMessage template events */\nTemplate.singleMessage.events({\n  'keyup [data-id=reply-body]': function () {\n    function keyupDataIdReplyBody(event, template) {\n      //If reply section has text enable the submit button, else disable it\n      if (template.find('[data-id=reply-body]').value.toString().trim() !== '') {\n        $('[data-id=reply-submit]').removeClass('disabled');\n      } else {\n        $('[data-id=reply-submit]').addClass('disabled');\n      }\n    }\n\n    return keyupDataIdReplyBody;\n  }(),\n  'submit [data-id=reply-message-form]': function () {\n    function submitDataIdReplyMessageForm(event, template) {\n      event.preventDefault();\n\n      //Only continue if button isn't disabled\n      if (!$('[data-id=reply-submit]').hasClass('disabled')) {\n        var body = template.find('[data-id=reply-body]').value,\n            currMessage = Messages.findOne({ _id: Session.get('selectedMsg') }),\n            toUserId = getOtherUserId(currMessage.originatingFromId, currMessage.originatingToId),\n            fieldEmpty = false;\n\n        //Make sure fields arent empty\n        if (!body.toString().trim()) {\n          fieldEmpty = true;\n          Bert.alert('Please enter a message.', 'danger', 'growl-top-right');\n        }\n        if (!fieldEmpty && !toUserId) {\n          fieldEmpty = true;\n          Bert.alert('Error sending message.', 'danger', 'growl-top-right');\n        }\n\n        //Continue if the fields aren't empty\n        if (!fieldEmpty) {\n          //Add reply to the conversation array of the existing message\n          Meteor.call('messages.addMessage', Session.get('selectedMsg'), toUserId, body, function (error, result) {\n            if (error) {\n              Bert.alert(error.reason, 'danger', 'growl-top-right');\n            } else {\n              //Display success message and reset form values\n              Bert.alert('Message sent', 'success', 'growl-top-right');\n              template.find('[data-id=reply-body]').value = '';\n\n              //Scroll to bottom of message area, set focus back to reply text area, and disable submit button\n              $('#singleMessageArea').scrollTop($('#singleMessageArea')[0].scrollHeight);\n              $('[data-id=reply-body]').focus();\n              $('[data-id=reply-submit]').addClass('disabled');\n            }\n          });\n        }\n      }\n    }\n\n    return submitDataIdReplyMessageForm;\n  }()\n});\n\n/* compose template on rendered */\nTemplate.compose.onRendered(function () {\n  //Set focus to the to text area\n  $('[data-id=message-to]').focus();\n\n  //Set submit button to disabled since text fields are empty\n  $('[data-id=message-submit]').addClass('disabled');\n});\n\n/* compose template helpers */\nTemplate.compose.helpers({\n  //Settings for autocomplete To field\n  settings: function () {\n    function settings() {\n      return {\n        position: 'bottom',\n        limit: 5,\n        rules: [{\n          collection: Meteor.users,\n          field: 'username',\n          template: Template.userList,\n          filter: { _id: { $ne: Meteor.userId() } }\n        }]\n      };\n    }\n\n    return settings;\n  }()\n});\n\n/* compose template events */\nTemplate.compose.events({\n  'keyup [data-id=message-to], keyup [data-id=message-body]': function () {\n    function keyupDataIdMessageToKeyupDataIdMessageBody(event, template) {\n      //If to and body sections have text enable the submit button, else disable it\n      if (template.find('[data-id=message-to]').value.toString().trim() !== '' && template.find('[data-id=message-body]').value.toString().trim() !== '') {\n        $('[data-id=message-submit]').removeClass('disabled');\n      } else {\n        $('[data-id=message-submit]').addClass('disabled');\n      }\n    }\n\n    return keyupDataIdMessageToKeyupDataIdMessageBody;\n  }(),\n\n  'submit [data-id=send-message-form]': function () {\n    function submitDataIdSendMessageForm(event, template) {\n      event.preventDefault();\n\n      //Only continue if button isn't disabled\n      if (!$('[data-id=message-submit]').hasClass('disabled')) {\n        //Get text from To and Body fields\n        var to = template.find('[data-id=message-to]').value.toString().trim(),\n            body = template.find('[data-id=message-body]').value,\n            fieldEmpty = false;\n\n        //Verify that both fields contain text\n        if (!to) {\n          fieldEmpty = true;\n          Bert.alert('Please enter a username in the To field.', 'danger', 'growl-top-right');\n        }\n        if (!fieldEmpty && !body.toString().trim()) {\n          fieldEmpty = true;\n          Bert.alert('Please enter a message.', 'danger', 'growl-top-right');\n        }\n\n        //Continue if the fields aren't empty\n        if (!fieldEmpty) {\n          //Try to find user in Users collection\n          var toUser = Meteor.users.findOne({ username: to });\n\n          //If user was found then it is a valid user\n          if (toUser) {\n            //If user is not the current user then send the message\n            if (toUser._id != Meteor.userId()) {\n              //If message between these two users already exists, add this message to the current conversation, else create a new message\n              var existingMessage = Messages.findOne({ $or: [{ 'originatingFromId': Meteor.userId() }, { 'originatingToId': Meteor.userId() }], $or: [{ 'originatingFromId': toUser._id }, { 'originatingToId': toUser._id }] });\n\n              if (existingMessage) {\n                //Add message to existing conversation\n                Meteor.call('messages.addMessage', existingMessage._id, toUser._id, body, function (error, result) {\n                  if (error) {\n                    Bert.alert(error.reason, 'danger', 'growl-top-right');\n                  } else {\n                    //Display success message and reset form values\n                    Bert.alert('Message sent', 'success', 'growl-top-right');\n                    template.find('[data-id=message-to]').value = '';\n                    template.find('[data-id=message-body]').value = '';\n\n                    //Switch the to allMessages view\n                    $('button').removeClass('active');\n                    $('#allMessagesButton').addClass('active');\n                    Session.set('currentView', 'allMessages');\n                  }\n                });\n              } else {\n                //Create new message\n                Meteor.call('messages.insert', toUser._id, toUser.username, body, function (error, result) {\n                  if (error) {\n                    Bert.alert(error.reason, 'danger', 'growl-top-right');\n                  } else {\n                    //Display success message and reset form values\n                    Bert.alert('Message sent', 'success', 'growl-top-right');\n\n                    //Switch the to allMessages view\n                    $('button').removeClass('active');\n                    $('#allMessagesButton').addClass('active');\n                    Session.set('currentView', 'allMessages');\n                  }\n                });\n              }\n            } else {\n              //Can't send a message to yourself, display error\n              Bert.alert('Sorry, you can only send messages to other users.', 'danger', 'growl-top-right');\n            }\n          } else {\n            //Wasn't a valid user, display error\n            Bert.alert('Sorry, we can\\'t find that user.  Please verify the username and try again.', 'danger', 'growl-top-right');\n          }\n        }\n      }\n    }\n\n    return submitDataIdSendMessageForm;\n  }()\n});","ast":null,"map":{"version":3,"sources":["/client/views/messages.js"],"names":[],"mappings":";AACA,SAAS,aAAT,CAAuB,CAAvB,EAA0B;AACxB,MAAG,QAAQ,GAAR,CAAY,aAAZ,MAA+B,CAA/B,EAAkC;AAClC,WAAO,IAAP,CADkC;GAArC,MAEO;AACL,WAAO,KAAP,CADK;GAFP;CADF;;;AASA,SAAS,cAAT,CAAwB,MAAxB,EAAgC,IAAhC,EAAsC;AACpC,MAAG,WAAW,OAAO,MAAP,EAAX,EACH;AACE,WAAO,IAAP,CADF;GADA,MAGO;AACL,WAAO,MAAP,CADK;GAHP;CADF;;;AAUA,SAAS,gBAAT,CAA0B,QAA1B,EAAoC,MAApC,EAA4C;AAC1C,MAAG,aAAa,OAAO,IAAP,GAAc,QAAd,EAChB;AACE,YAAQ,GAAR,CAAY,aAAZ,EAA2B,MAA3B,EADF;AAEE,WAAO,MAAP,CAFF;GADA,MAIO;AACL,YAAQ,GAAR,CAAY,aAAZ,EAA2B,IAA3B,EADK;AAEL,WAAO,QAAP,CAFK;GAJP;CADF;;;AAYA,SAAS,iBAAT,CAA2B,IAA3B,EAAiC;AAC/B,MAAI,WAAW,OAAO,IAAI,IAAJ,EAAP,CAAX;MACA,UAAU,OAAO,IAAI,IAAJ,CAAS,IAAT,CAAP,CAAV,CAF2B;;AAI/B,MAAI,OAAO,SAAS,IAAT,CAAc,OAAd,EAAuB,MAAvB,CAAP,CAJ2B;;AAM/B,MAAG,SAAS,CAAT,IAAc,SAAS,GAAT,OAAmB,QAAQ,GAAR,EAAnB,EAAkC;AACjD,WAAO,OAAO,IAAP,EAAa,MAAb,CAAoB,QAApB,CAAP,CADiD;GAAnD,MAEO,IAAG,OAAO,CAAP,IAAY,SAAS,GAAT,OAAmB,QAAQ,GAAR,EAAnB,EAAkC;AACtD,WAAO,OAAO,IAAP,EAAa,MAAb,CAAoB,MAApB,CAAP,CADsD;GAAjD,MAEA;AACL,QAAG,SAAS,IAAT,MAAmB,QAAQ,IAAR,EAAnB,EAAmC;AACpC,aAAO,OAAO,IAAP,EAAa,MAAb,CAAoB,UAApB,CAAP,CADoC;KAAtC,MAEO;AACL,aAAO,OAAO,IAAP,EAAa,MAAb,CAAoB,QAApB,CAAP,CADK;KAFP;GAHK;CART;;;AAoBA,SAAS,cAAT,CAAwB,kBAAxB,EAA4C,UAAS,QAAT,EAAmB,MAAnB,EAA2B;AACrE,SAAO,iBAAiB,QAAjB,EAA2B,MAA3B,CAAP,CADqE;CAA3B,CAA5C;;;AAKA,SAAS,QAAT,CAAkB,SAAlB,CAA4B,YAAY;;;AACtC,OAAK,WAAL,GAAmB,IAAI,WAAJ,CAAgB,EAAhB,CAAnB,CADsC;AAEtC,OAAK,KAAL,GAAa,IAAI,WAAJ,CAAgB,EAAhB,CAAb,CAFsC;AAGtC,OAAK,UAAL,GAAkB,IAAI,WAAJ,CAAgB,CAAhB,CAAlB,CAHsC;;AAKtC,OAAK,OAAL,CAAa,YAAM;;AAEjB,UAAK,SAAL,CAAe,WAAf,EAA4B,MAAK,WAAL,CAAiB,GAAjB,EAA5B,EAAoD,MAAK,KAAL,CAAW,GAAX,EAApD,EAFiB;AAGjB,UAAK,UAAL,CAAgB,GAAhB,CAAoB,OAAO,GAAP,CAAW,WAAX,CAApB,EAHiB;AAIjB,UAAK,SAAL,CAAe,cAAf;;;AAJiB,WAOjB,CAAQ,GAAR,CAAY,aAAZ,EAA2B,aAA3B,EAPiB;AAQjB,YAAQ,GAAR,CAAY,aAAZ,EAA2B,EAA3B,EARiB;AASjB,YAAQ,GAAR,CAAY,aAAZ,EAA2B,EAA3B,EATiB;AAUjB,MAAE,oBAAF,EAAwB,QAAxB,CAAiC,QAAjC,EAViB;GAAN,CAAb,CALsC;CAAZ,CAA5B;;;AAoBA,SAAS,QAAT,CAAkB,OAAlB,CAA0B;AACxB;AAAiB,+BAAM;AACrB,aAAO,cAAc,aAAd,CAAP,CADqB;KAAN;;;KAAjB;AAGA;AAAmB,iCAAM;AACvB,aAAO,cAAc,eAAd,CAAP,CADuB;KAAN;;;KAAnB;AAGA;AAAa,2BAAM;AACjB,aAAO,cAAc,SAAd,CAAP,CADiB;KAAN;;;KAAb;CAPF;;;AAaA,SAAS,QAAT,CAAkB,MAAlB,CAAyB;AACvB;AAAkD,sDAAC,KAAD,EAAQ,QAAR,EAAqB;;AAErE,QAAE,QAAF,EAAY,WAAZ,CAAwB,QAAxB,EAFqE;AAGrE,QAAE,MAAM,MAAM,MAAN,CAAa,EAAb,CAAR,CAAyB,QAAzB,CAAkC,QAAlC,EAHqE;AAIrE,cAAQ,GAAR,CAAY,aAAZ,EAA2B,MAAM,MAAN,CAAa,EAAb,CAAgB,QAAhB,GAA2B,OAA3B,CAAmC,QAAnC,EAA6C,EAA7C,CAA3B,EAJqE;KAArB;;;KAAlD;CADF;;;AAUA,SAAS,WAAT,CAAqB,OAArB,CAA6B;AAC3B;AAAgB,8BAAM;;AAEpB,aAAO,SAAS,IAAT,CAAc,EAAC,KAAK,CAAC,EAAE,qBAAqB,OAAO,MAAP,EAArB,EAAsC,uCAAuC,KAAvC,EAAzC,EAAyF,EAAC,mBAAmB,OAAO,MAAP,EAAnB,EAAoC,qCAAqC,KAArC,EAA9H,CAAL,EAAf,EAAiM,EAAC,MAAM,EAAC,uBAAuB,CAAC,CAAD,EAA9B,EAAlM,CAAP,CAFoB;KAAN;;;KAAhB;AAIA;AAAe,6BAAM;;AAEnB,UAAG,SAAS,IAAT,CAAc,EAAC,KAAK,CAAC,EAAE,qBAAqB,OAAO,MAAP,EAArB,EAAsC,uCAAuC,KAAvC,EAAzC,EAAyF,EAAC,mBAAmB,OAAO,MAAP,EAAnB,EAAoC,qCAAqC,KAArC,EAA9H,CAAL,EAAf,EAAiM,KAAjM,OAA6M,CAA7M,EAAgN;AACjN,eAAO,IAAP,CADiN;OAAnN,MAEO;AACL,eAAO,KAAP,CADK;OAFP;KAFa;;;KAAf;AAQA;AAAY,wBAAC,YAAD,EAAkB;AAC5B,UAAG,aAAa,MAAb,GAAsB,CAAtB,EACH;AACE,YAAI,OAAO,aAAa,aAAa,MAAb,GAAsB,CAAtB,CAAb,CAAsC,MAAtC,CADb;;AAGE,eAAO,kBAAkB,IAAlB,CAAP,CAHF;OADA;KADU;;;KAAZ;AAQA;AAAmB,+BAAC,YAAD,EAAkB;AACnC,UAAG,aAAa,MAAb,GAAsB,CAAtB,EAAyB;AAC1B,eAAO,aAAa,aAAa,MAAb,GAAsB,CAAtB,CAAb,CAAsC,IAAtC,CADmB;OAA5B;KADiB;;;KAAnB;AAKA;AAAmB,+BAAC,YAAD,EAAkB;;AAEnC,UAAG,aAAa,MAAb,GAAsB,CAAtB,EAAyB;AAC1B,YAAG,aAAa,aAAa,MAAb,GAAsB,CAAtB,CAAb,CAAsC,EAAtC,CAAyC,MAAzC,KAAoD,OAAO,MAAP,EAApD,EAAqE;AACtE,cAAG,CAAC,aAAa,aAAa,MAAb,GAAsB,CAAtB,CAAb,CAAsC,EAAtC,CAAyC,IAAzC,EAA+C;AACjD,mBAAO,SAAP,CADiD;WAAnD;SADF;OADF;;AAQA,aAAO,EAAP,CAVmC;KAAlB;;;KAAnB;CA1BF;;;AAyCA,SAAS,WAAT,CAAqB,MAArB,CAA4B;AAC1B;AAAc,sBAAC,KAAD,EAAQ,QAAR,EAAqB;;AAEjC,UAAI,cAAc,SAAS,OAAT,CAAiB,EAAC,KAAK,MAAM,aAAN,CAAoB,EAApB,EAAvB,CAAd,CAF6B;AAGjC,UAAG,WAAH,EAAgB;AACd,YAAG,YAAY,YAAZ,CAAyB,YAAY,YAAZ,CAAyB,MAAzB,GAAkC,CAAlC,CAAzB,CAA8D,EAA9D,CAAiE,MAAjE,KAA4E,OAAO,MAAP,EAA5E,EAA6F;;AAE9F,cAAG,CAAC,YAAY,YAAZ,CAAyB,YAAY,YAAZ,CAAyB,MAAzB,GAAkC,CAAlC,CAAzB,CAA8D,EAA9D,CAAiE,IAAjE,EAAuE;;AAEzE,mBAAO,IAAP,CAAY,qBAAZ,EAAmC,YAAY,GAAZ,EAAiB,IAApD,EAA0D,UAAC,KAAD,EAAQ,MAAR,EAAmB;;aAAnB,CAA1D,CAFyE;WAA3E;SAFF;OADF;;;AAHiC,OAiBjC,CAAE,QAAF,EAAY,WAAZ,CAAwB,QAAxB,EAjBiC;AAkBjC,cAAQ,GAAR,CAAY,aAAZ,EAA2B,MAAM,aAAN,CAAoB,EAApB,CAA3B,CAlBiC;AAmBjC,cAAQ,GAAR,CAAY,aAAZ,EAA2B,eAA3B,EAnBiC;KAArB;;;KAAd;AAqBA;AAAyB,gCAAC,KAAD,EAAQ,QAAR,EAAqB;AAC5C,YAAM,eAAN;;;AAD4C,UAI5C,CAAK;AACH,eAAO,iBAAP;AACA,cAAM,oDAAN;AACA,cAAM,OAAN;AACA,0BAAkB,IAAlB;AACA,wBAAgB,IAAhB;AACA,0BAAkB,IAAlB;AACA,2BAAmB,iBAAnB;AACA,4BAAoB,SAApB;OARF,EASG,YAAW;;AAEZ,YAAI,QAAQ,MAAM,aAAN,CAAoB,UAApB,CAA+B,UAA/B,CAA0C,EAA1C;;;AAFA,YAKR,MAAM,SAAS,OAAT,CAAiB,EAAE,OAAO,KAAP,EAAnB,CAAN,CALQ;AAMZ,YAAI,mBAAJ;;;AANY,YAST,GAAH,EAAQ;;AAEN,cAAG,IAAI,iBAAJ,KAA0B,OAAO,MAAP,EAA1B,EAA2C;AAC5C,yBAAa,MAAb,CAD4C;WAA9C,MAEO;AACL,yBAAa,IAAb,CADK;WAFP;;;AAFM,gBASN,CAAO,IAAP,CAAY,iBAAZ,EAA+B,KAA/B,EAAsC,UAAtC,EAAkD,UAAC,KAAD,EAAQ,MAAR,EAAmB;AACnE,gBAAG,KAAH,EAAU;AACR,mBAAK,KAAL,CAAW,+BAAX,EAA4C,QAA5C,EAAsD,iBAAtD,EADQ;aAAV,MAEO;AACL,mBAAK,KAAL,CAAW,iBAAX,EAA8B,SAA9B,EAAyC,iBAAzC,EADK;aAFP;WADgD,CAAlD,CATM;SAAR,MAgBO;AACL,eAAK,KAAL,CAAW,+BAAX,EAA4C,QAA5C,EAAsD,iBAAtD,EADK;SAhBP;OATC,CATH,CAJ4C;KAArB;;;KAAzB;CAtBF;;;AAoEA,SAAS,aAAT,CAAuB,UAAvB,CAAkC,YAAW;;AAE3C,IAAE,oBAAF,EAAwB,SAAxB,CAAkC,EAAE,oBAAF,EAAwB,CAAxB,EAA2B,YAA3B,CAAlC;;;AAF2C,GAK3C,CAAE,sBAAF,EAA0B,KAA1B;;;AAL2C,GAQ3C,CAAE,wBAAF,EAA4B,QAA5B,CAAqC,UAArC,EAR2C;CAAX,CAAlC;;;AAYA,SAAS,aAAT,CAAuB,OAAvB,CAA+B;AAC7B;AAAkB,gCAAM;AACtB,aAAO,SAAS,OAAT,CAAiB,EAAE,OAAO,QAAQ,GAAR,CAAY,aAAZ,CAAP,EAAnB,CAAP,CADsB;KAAN;;;KAAlB;AAGA;AAAa,yBAAC,sBAAD,EAAyB,oBAAzB,EAAkD;;AAE7D,UAAG,QAAQ,MAAR,CAAe,aAAf,EAA8B,MAA9B,CAAH,EAA0C;AACxC,eAAO,CAAC,sBAAD,CADiC;OAA1C,MAEO;AACL,eAAO,CAAC,oBAAD,CADF;OAFP;KAFW;;;KAAb;AAQA;AAAe,2BAAC,IAAD,EAAO,EAAP,EAAc;AAC3B,UAAG,KAAK,MAAL,KAAgB,OAAO,MAAP,EAAhB,EAAiC;AAClC,eAAO,IAAP,CADkC;OAApC,MAEO;AACL,eAAO,KAAP,CADK;OAFP;KADa;;;KAAf;AAOA;AAAY,wBAAC,IAAD,EAAU;AACpB,aAAO,kBAAkB,IAAlB,CAAP,CADoB;KAAV;;;KAAZ;CAnBF;;;AAyBA,SAAS,aAAT,CAAuB,MAAvB,CAA8B;AAC5B;AAA8B,kCAAC,KAAD,EAAQ,QAAR,EAAqB;;AAEjD,UAAG,SAAS,IAAT,CAAc,sBAAd,EAAsC,KAAtC,CAA4C,QAA5C,GAAuD,IAAvD,OAAkE,EAAlE,EAAsE;AACvE,UAAE,wBAAF,EAA4B,WAA5B,CAAwC,UAAxC,EADuE;OAAzE,MAEO;AACL,UAAE,wBAAF,EAA4B,QAA5B,CAAqC,UAArC,EADK;OAFP;KAF4B;;;KAA9B;AAQA;AAAuC,0CAAC,KAAD,EAAQ,QAAR,EAAqB;AAC1D,YAAM,cAAN;;;AAD0D,UAIvD,CAAC,EAAE,wBAAF,EAA4B,QAA5B,CAAqC,UAArC,CAAD,EAAmD;AACpD,YAAI,OAAO,SAAS,IAAT,CAAc,sBAAd,EAAsC,KAAtC;YACP,cAAc,SAAS,OAAT,CAAiB,EAAC,KAAK,QAAQ,GAAR,CAAY,aAAZ,CAAL,EAAlB,CAAd;YACA,WAAW,eAAe,YAAY,iBAAZ,EAA+B,YAAY,eAAZ,CAAzD;YACA,aAAa,KAAb;;;AAJgD,YAOjD,CAAC,KAAK,QAAL,GAAgB,IAAhB,EAAD,EAAyB;AAC1B,uBAAa,IAAb,CAD0B;AAE1B,eAAK,KAAL,CAAW,yBAAX,EAAsC,QAAtC,EAAgD,iBAAhD,EAF0B;SAA5B;AAIA,YAAG,CAAC,UAAD,IAAe,CAAC,QAAD,EAAW;AAC3B,uBAAa,IAAb,CAD2B;AAE3B,eAAK,KAAL,CAAW,wBAAX,EAAqC,QAArC,EAA+C,iBAA/C,EAF2B;SAA7B;;;AAXoD,YAiBjD,CAAC,UAAD,EAAa;;AAEd,iBAAO,IAAP,CAAY,qBAAZ,EAAmC,QAAQ,GAAR,CAAY,aAAZ,CAAnC,EAA+D,QAA/D,EAAyE,IAAzE,EAA+E,UAAC,KAAD,EAAQ,MAAR,EAAmB;AAChG,gBAAG,KAAH,EAAU;AACR,mBAAK,KAAL,CAAW,MAAM,MAAN,EAAc,QAAzB,EAAmC,iBAAnC,EADQ;aAAV,MAEO;;AAEL,mBAAK,KAAL,CAAW,cAAX,EAA2B,SAA3B,EAAsC,iBAAtC,EAFK;AAGL,uBAAS,IAAT,CAAc,sBAAd,EAAsC,KAAtC,GAA8C,EAA9C;;;AAHK,eAML,CAAE,oBAAF,EAAwB,SAAxB,CAAkC,EAAE,oBAAF,EAAwB,CAAxB,EAA2B,YAA3B,CAAlC,CANK;AAOL,gBAAE,sBAAF,EAA0B,KAA1B,GAPK;AAQL,gBAAE,wBAAF,EAA4B,QAA5B,CAAqC,UAArC,EARK;aAFP;WAD6E,CAA/E,CAFc;SAAhB;OAjBF;KAJqC;;;KAAvC;CATF;;;AAoDA,SAAS,OAAT,CAAiB,UAAjB,CAA4B,YAAW;;AAErC,IAAE,sBAAF,EAA0B,KAA1B;;;AAFqC,GAKrC,CAAE,0BAAF,EAA8B,QAA9B,CAAuC,UAAvC,EALqC;CAAX,CAA5B;;;AASA,SAAS,OAAT,CAAiB,OAAjB,CAAyB;;AAEvB;AAAU,wBAAM;AACd,aAAO;AACL,kBAAU,QAAV;AACA,eAAO,CAAP;AACA,eAAO,CACL;AACE,sBAAY,OAAO,KAAP;AACZ,iBAAO,UAAP;AACA,oBAAU,SAAS,QAAT;AACV,kBAAQ,EAAE,KAAK,EAAE,KAAK,OAAO,MAAP,EAAL,EAAP,EAAV;SALG,CAAP;OAHF,CADc;KAAN;;;KAAV;CAFF;;;AAmBA,SAAS,OAAT,CAAiB,MAAjB,CAAwB;AACtB;AAA4D,wDAAC,KAAD,EAAQ,QAAR,EAAqB;;AAE/E,UAAG,SAAS,IAAT,CAAc,sBAAd,EAAsC,KAAtC,CAA4C,QAA5C,GAAuD,IAAvD,OAAkE,EAAlE,IACH,SAAS,IAAT,CAAc,wBAAd,EAAwC,KAAxC,CAA8C,QAA9C,GAAyD,IAAzD,OAAoE,EAApE,EAAwE;AACtE,UAAE,0BAAF,EAA8B,WAA9B,CAA0C,UAA1C,EADsE;OADxE,MAGO;AACL,UAAE,0BAAF,EAA8B,QAA9B,CAAuC,UAAvC,EADK;OAHP;KAF0D;;;KAA5D;;AAUA;AAAsC,yCAAC,KAAD,EAAQ,QAAR,EAAqB;AACzD,YAAM,cAAN;;;AADyD,UAItD,CAAC,EAAE,0BAAF,EAA8B,QAA9B,CAAuC,UAAvC,CAAD,EAAqD;;AAEtD,YAAI,KAAK,SAAS,IAAT,CAAc,sBAAd,EAAsC,KAAtC,CAA4C,QAA5C,GAAuD,IAAvD,EAAL;YACA,OAAO,SAAS,IAAT,CAAc,wBAAd,EAAwC,KAAxC;YACP,aAAa,KAAb;;;AAJkD,YAOnD,CAAC,EAAD,EAAK;AACN,uBAAa,IAAb,CADM;AAEN,eAAK,KAAL,CAAW,0CAAX,EAAuD,QAAvD,EAAiE,iBAAjE,EAFM;SAAR;AAIA,YAAG,CAAC,UAAD,IAAe,CAAC,KAAK,QAAL,GAAgB,IAAhB,EAAD,EAAyB;AACzC,uBAAa,IAAb,CADyC;AAEzC,eAAK,KAAL,CAAW,yBAAX,EAAsC,QAAtC,EAAgD,iBAAhD,EAFyC;SAA3C;;;AAXsD,YAiBnD,CAAC,UAAD,EAAa;;AAEd,cAAI,SAAS,OAAO,KAAP,CAAa,OAAb,CAAqB,EAAC,UAAU,EAAV,EAAtB,CAAT;;;AAFU,cAKX,MAAH,EAAW;;AAET,gBAAG,OAAO,GAAP,IAAc,OAAO,MAAP,EAAd,EACH;;AAEE,kBAAI,kBAAkB,SAAS,OAAT,CAAiB,EAAC,KAAK,CAAC,EAAC,qBAAqB,OAAO,MAAP,EAArB,EAAF,EAAyC,EAAC,mBAAmB,OAAO,MAAP,EAAnB,EAA1C,CAAL,EAAqF,KAAK,CAAC,EAAC,qBAAqB,OAAO,GAAP,EAAvB,EAAoC,EAAC,mBAAmB,OAAO,GAAP,EAAxD,CAAL,EAAvG,CAAlB,CAFN;;AAIE,kBAAG,eAAH,EAAoB;;AAElB,uBAAO,IAAP,CAAY,qBAAZ,EAAmC,gBAAgB,GAAhB,EAAqB,OAAO,GAAP,EAAY,IAApE,EAA0E,UAAC,KAAD,EAAQ,MAAR,EAAmB;AAC3F,sBAAG,KAAH,EAAU;AACR,yBAAK,KAAL,CAAW,MAAM,MAAN,EAAc,QAAzB,EAAmC,iBAAnC,EADQ;mBAAV,MAEO;;AAEL,yBAAK,KAAL,CAAW,cAAX,EAA2B,SAA3B,EAAsC,iBAAtC,EAFK;AAGL,6BAAS,IAAT,CAAc,sBAAd,EAAsC,KAAtC,GAA8C,EAA9C,CAHK;AAIL,6BAAS,IAAT,CAAc,wBAAd,EAAwC,KAAxC,GAAgD,EAAhD;;;AAJK,qBAOL,CAAE,QAAF,EAAY,WAAZ,CAAwB,QAAxB,EAPK;AAQL,sBAAE,oBAAF,EAAwB,QAAxB,CAAiC,QAAjC,EARK;AASL,4BAAQ,GAAR,CAAY,aAAZ,EAA2B,aAA3B,EATK;mBAFP;iBADwE,CAA1E,CAFkB;eAApB,MAiBO;;AAEL,uBAAO,IAAP,CAAY,iBAAZ,EAA+B,OAAO,GAAP,EAAY,OAAO,QAAP,EAAiB,IAA5D,EAAkE,UAAC,KAAD,EAAQ,MAAR,EAAmB;AACnF,sBAAG,KAAH,EAAU;AACR,yBAAK,KAAL,CAAW,MAAM,MAAN,EAAc,QAAzB,EAAmC,iBAAnC,EADQ;mBAAV,MAEO;;AAEL,yBAAK,KAAL,CAAW,cAAX,EAA2B,SAA3B,EAAsC,iBAAtC;;;AAFK,qBAKL,CAAE,QAAF,EAAY,WAAZ,CAAwB,QAAxB,EALK;AAML,sBAAE,oBAAF,EAAwB,QAAxB,CAAiC,QAAjC,EANK;AAOL,4BAAQ,GAAR,CAAY,aAAZ,EAA2B,aAA3B,EAPK;mBAFP;iBADgE,CAAlE,CAFK;eAjBP;aALF,MAsCO;;AAEL,mBAAK,KAAL,CAAW,mDAAX,EAAgE,QAAhE,EAA0E,iBAA1E,EAFK;aAtCP;WAFF,MA4CO;;AAEL,iBAAK,KAAL,CAAW,6EAAX,EAA0F,QAA1F,EAAoG,iBAApG,EAFK;WA5CP;SALF;OAjBF;KAJoC;;;KAAtC;CAXF","file":"/client/views/messages.js.map","sourcesContent":["/* Function to check if view passed in is the current view */\nfunction isCurrentView(v) {\n  if(Session.get('currentView') === v) {\n     return true;\n  } else {\n    return false;\n  }\n}\n\n/* Function to get the userId of the other user (not current user) */\nfunction getOtherUserId(fromId, toId) {\n  if(fromId === Meteor.userId())\n  {\n    return toId;\n  } else {\n    return fromId;\n  }  \n}\n\n/* Function to get the username of the other user (not current user) */\nfunction getOtherUsername(fromName, toName) {\n  if(fromName === Meteor.user().username)\n  {\n    Session.set('originating', 'from');\n    return toName;\n  } else {\n    Session.set('originating', 'to');\n    return fromName;\n  } \n}\n\n/* Function to format the passed in date */\nfunction performFormatting(date) {\n  let currDate = moment(new Date()),\n      msgDate = moment(new Date(date));\n      \n  let diff = currDate.diff(msgDate, 'days');\n\n  if(diff === 0 && currDate.day() === msgDate.day()) {\n    return moment(date).format('h:mm a');\n  } else if(diff < 7 && currDate.day() !== msgDate.day()) {\n    return moment(date).format('dddd');\n  } else {\n    if(currDate.year() != msgDate.year()) {\n      return moment(date).format('MM/DD/YY');\n    } else {\n      return moment(date).format('MMM DD');   \n    }\n  }\n}\n\n/* Helper function available to all templates that calls getOtherUsername */\nTemplate.registerHelper('getOtherUsername', function(fromName, toName) {\n  return getOtherUsername(fromName, toName);\n});\n\n/* On messages template created */\nTemplate.messages.onCreated(function () {\n  this.searchQuery = new ReactiveVar('');\n  this.limit = new ReactiveVar(20);\n  this.usersCount = new ReactiveVar(0);\n    \n  this.autorun(() => {\n    //Set subscriptions \n    this.subscribe('users.all', this.searchQuery.get(), this.limit.get());\n    this.usersCount.set(Counts.get('users.all'));\n    this.subscribe('messages.all');\n      \n    //Set session variables \n    Session.set('currentView', 'allMessages');\n    Session.set('selectedMsg', '');\n    Session.set('originating', '');\n    $('#allMessagesButton').addClass('active');\n  });\n});\n\n/* messages template helpers */\nTemplate.messages.helpers({\n  showAllMessages: () => {\n    return isCurrentView('allMessages');\n  },\n  showSingleMessage: () => {\n    return isCurrentView('singleMessage');\n  },\n  showCompose: () => {\n    return isCurrentView('compose');\n  }\n});\n\n/* messages template events */\nTemplate.messages.events({\n  'click #allMessagesButton, click #composeButton': (event, template) => {\n    //Set template based on button that was clicked \n    $('button').removeClass('active');\n    $('#' + event.target.id).addClass('active');\n    Session.set('currentView', event.target.id.toString().replace('Button', ''));\n  }\n});\n\n/* allMessages helpers */\nTemplate.allMessages.helpers({\n  getAllMessages: () => {\n    //Find all messages that current user is involved in\n    return Messages.find({$or: [{ 'originatingFromId': Meteor.userId(), 'conversation.originatingFromDeleted': false }, {'originatingToId': Meteor.userId(), 'conversation.originatingToDeleted': false}]}, {sort: {'conversation.sentOn': -1} });\n  },\n  messagesEmpty: () => {\n    //Check if current user has any messages \n    if(Messages.find({$or: [{ 'originatingFromId': Meteor.userId(), 'conversation.originatingFromDeleted': false }, {'originatingToId': Meteor.userId(), 'conversation.originatingToDeleted': false}]}).count() === 0) {\n      return true;\n    } else {\n      return false;\n    }\n  },\n  formatDate: (conversation) => {\n    if(conversation.length > 0)\n    {\n      let date = conversation[conversation.length - 1].sentOn;\n        \n      return performFormatting(date);\n    }\n  },\n  getMostRecentBody: (conversation) => {\n    if(conversation.length > 0) {\n      return conversation[conversation.length - 1].body;\n    }\n  },\n  getMostRecentRead: (conversation) => {\n    //Determine if message has been read \n    if(conversation.length > 0) {\n      if(conversation[conversation.length - 1].to.userId === Meteor.userId()) {\n        if(!conversation[conversation.length - 1].to.read) {\n          return 'notRead';\n        }\n      }\n    }\n    \n    return '';\n  }\n});\n\n/* allMessages template events */\nTemplate.allMessages.events({\n  'click .msg': (event, template) => {\n    //Make sure selected message exists\n    let selectedMsg = Messages.findOne({_id: event.currentTarget.id});\n    if(selectedMsg) {\n      if(selectedMsg.conversation[selectedMsg.conversation.length - 1].to.userId === Meteor.userId()) {\n        //Check if most recent message is TO the current user\n        if(!selectedMsg.conversation[selectedMsg.conversation.length - 1].to.read) {\n          //Update read field to true\n          Meteor.call('messages.updateRead', selectedMsg._id, true, (error, result) => {\n            //Do nothing \n          });\n        }\n        \n      }\n    }\n     \n    //Set current view to singleMssage template \n    $('button').removeClass('active');\n    Session.set('selectedMsg', event.currentTarget.id);\n    Session.set('currentView', 'singleMessage');\n  },\n  'click .remove-message': (event, template) => {\n    event.stopPropagation();\n    \n    //Sweet Alert delete confirmation\n    swal({\n      title: 'Delete message?',\n      text: 'Are you sure that you want to delete this message?',\n      type: 'error',\n      showCancelButton: true,\n      closeOnConfirm: true,\n      cancelButtonText: 'No',\n      confirmButtonText: 'Yes, delete it!',\n      confirmButtonColor: '#da5347'\n    }, function() {\n      //Get the id of the message to be deleted \n      let msgId = event.currentTarget.parentNode.parentNode.id;\n      \n      //Make sure message exists \n      let msg = Messages.findOne({ '_id': msgId } );\n      let whoDeleted;\n    \n      //If message exists \n      if(msg) {\n        //Set deleted correctly \n        if(msg.originatingFromId === Meteor.userId()) {\n          whoDeleted = 'from';\n        } else {\n          whoDeleted = 'to';\n        }\n    \n        //Remove selected message \n        Meteor.call('messages.remove', msgId, whoDeleted, (error, result) => {\n          if(error) {\n            Bert.alert('Message couldn\\'t be deleted.', 'danger', 'growl-top-right');\n          } else {\n            Bert.alert('Message deleted', 'success', 'growl-top-right');\n          }\n        });\n      } else {\n        Bert.alert('Message couldn\\'t be deleted.', 'danger', 'growl-top-right');\n      }   \n    });\n  }\n});\n\n/* singleMessage template on rendered */\nTemplate.singleMessage.onRendered(function() {\n  //Move to bottom of div so most recent message is shown \n  $('#singleMessageArea').scrollTop($('#singleMessageArea')[0].scrollHeight);\n  \n  //Set focus to the reply body text area \n  $('[data-id=reply-body]').focus();  \n    \n  //Set submit button to disabled since text field is empty \n  $('[data-id=reply-submit]').addClass('disabled');\n});\n\n/* singleMessage template helpers */\nTemplate.singleMessage.helpers({\n  getSingleMessage: () => {\n    return Messages.findOne({ '_id': Session.get('selectedMsg') } );\n  },\n  showMessage: (originatingFromDeleted, originatingToDeleted) => {\n    //Don't show messages that have been previously deleted \n    if(Session.equals('originating', 'from')) {\n      return !originatingFromDeleted;\n    } else {\n      return !originatingToDeleted;\n    }\n  },\n  fromOtherUser: (from, to) => {\n    if(from.userId !== Meteor.userId()) {\n      return true;\n    } else {\n      return false; \n    }\n  },\n  formatDate: (date) => {\n    return performFormatting(date);\n  }\n});\n\n/* singleMessage template events */\nTemplate.singleMessage.events({\n  'keyup [data-id=reply-body]': (event, template) => {\n    //If reply section has text enable the submit button, else disable it\n    if(template.find('[data-id=reply-body]').value.toString().trim() !== '') {\n      $('[data-id=reply-submit]').removeClass('disabled');\n    } else {\n      $('[data-id=reply-submit]').addClass('disabled');\n    }\n  },\n  'submit [data-id=reply-message-form]': (event, template) => {\n    event.preventDefault();\n       \n    //Only continue if button isn't disabled\n    if(!$('[data-id=reply-submit]').hasClass('disabled')) {\n      let body = template.find('[data-id=reply-body]').value,\n          currMessage = Messages.findOne({_id: Session.get('selectedMsg')}),\n          toUserId = getOtherUserId(currMessage.originatingFromId, currMessage.originatingToId),\n          fieldEmpty = false;\n        \n      //Make sure fields arent empty\n      if(!body.toString().trim()) {\n        fieldEmpty = true;\n        Bert.alert('Please enter a message.', 'danger', 'growl-top-right');\n      }\n      if(!fieldEmpty && !toUserId) {\n        fieldEmpty = true;\n        Bert.alert('Error sending message.', 'danger', 'growl-top-right');\n      }\n       \n      //Continue if the fields aren't empty \n      if(!fieldEmpty) {\n        //Add reply to the conversation array of the existing message \n        Meteor.call('messages.addMessage', Session.get('selectedMsg'), toUserId, body, (error, result) => {\n          if(error) {\n            Bert.alert(error.reason, 'danger', 'growl-top-right');\n          } else {\n            //Display success message and reset form values \n            Bert.alert('Message sent', 'success', 'growl-top-right');\n            template.find('[data-id=reply-body]').value = '';\n              \n            //Scroll to bottom of message area, set focus back to reply text area, and disable submit button \n            $('#singleMessageArea').scrollTop($('#singleMessageArea')[0].scrollHeight);\n            $('[data-id=reply-body]').focus();  \n            $('[data-id=reply-submit]').addClass('disabled');\n          }\n        }); \n      }\n    }\n  } \n});\n\n/* compose template on rendered */\nTemplate.compose.onRendered(function() {\n  //Set focus to the to text area \n  $('[data-id=message-to]').focus(); \n    \n  //Set submit button to disabled since text fields are empty \n  $('[data-id=message-submit]').addClass('disabled');\n});\n\n/* compose template helpers */\nTemplate.compose.helpers({\n  //Settings for autocomplete To field \n  settings: () => {\n    return {\n      position: 'bottom',\n      limit: 5,\n      rules: [\n        {\n          collection: Meteor.users,\n          field: 'username',\n          template: Template.userList,\n          filter: { _id: { $ne: Meteor.userId() }}\n        }\n      ]\n    };\n  }\n});\n\n/* compose template events */\nTemplate.compose.events({\n  'keyup [data-id=message-to], keyup [data-id=message-body]': (event, template) => {\n    //If to and body sections have text enable the submit button, else disable it\n    if(template.find('[data-id=message-to]').value.toString().trim() !== '' && \n    template.find('[data-id=message-body]').value.toString().trim() !== '') {\n      $('[data-id=message-submit]').removeClass('disabled');\n    } else {\n      $('[data-id=message-submit]').addClass('disabled');\n    }\n  },\n    \n  'submit [data-id=send-message-form]': (event, template) => {\n    event.preventDefault(); \n    \n    //Only continue if button isn't disabled\n    if(!$('[data-id=message-submit]').hasClass('disabled')) {\n      //Get text from To and Body fields\n      let to = template.find('[data-id=message-to]').value.toString().trim(),\n          body = template.find('[data-id=message-body]').value,\n          fieldEmpty = false;\n      \n      //Verify that both fields contain text\n      if(!to) {\n        fieldEmpty = true; \n        Bert.alert('Please enter a username in the To field.', 'danger', 'growl-top-right'); \n      }\n      if(!fieldEmpty && !body.toString().trim()) {\n        fieldEmpty = true; \n        Bert.alert('Please enter a message.', 'danger', 'growl-top-right'); \n      }\n    \n      //Continue if the fields aren't empty \n      if(!fieldEmpty) {\n        //Try to find user in Users collection\n        let toUser = Meteor.users.findOne({username: to});\n    \n        //If user was found then it is a valid user \n        if(toUser) {\n          //If user is not the current user then send the message \n          if(toUser._id != Meteor.userId())\n          {\n            //If message between these two users already exists, add this message to the current conversation, else create a new message \n            let existingMessage = Messages.findOne({$or: [{'originatingFromId': Meteor.userId()}, {'originatingToId': Meteor.userId()}], $or: [{'originatingFromId': toUser._id}, {'originatingToId': toUser._id}]});\n            \n            if(existingMessage) {\n              //Add message to existing conversation \n              Meteor.call('messages.addMessage', existingMessage._id, toUser._id, body, (error, result) => {\n                if(error) {\n                  Bert.alert(error.reason, 'danger', 'growl-top-right');\n                } else {\n                  //Display success message and reset form values \n                  Bert.alert('Message sent', 'success', 'growl-top-right');\n                  template.find('[data-id=message-to]').value = '';\n                  template.find('[data-id=message-body]').value = '';\n              \n                  //Switch the to allMessages view \n                  $('button').removeClass('active');\n                  $('#allMessagesButton').addClass('active');\n                  Session.set('currentView', 'allMessages');\n                }\n              });\n            } else {\n              //Create new message \n              Meteor.call('messages.insert', toUser._id, toUser.username, body, (error, result) => {\n                if(error) {                \n                  Bert.alert(error.reason, 'danger', 'growl-top-right');\n                } else {\n                  //Display success message and reset form values \n                  Bert.alert('Message sent', 'success', 'growl-top-right');\n                \n                  //Switch the to allMessages view \n                  $('button').removeClass('active');\n                  $('#allMessagesButton').addClass('active');\n                  Session.set('currentView', 'allMessages');\n                }\n              });\n            }\n          } else {\n            //Can't send a message to yourself, display error\n            Bert.alert('Sorry, you can only send messages to other users.', 'danger', 'growl-top-right');\n          }\n        } else {\n          //Wasn't a valid user, display error\n          Bert.alert('Sorry, we can\\'t find that user.  Please verify the username and try again.', 'danger', 'growl-top-right');\n        }  \n      }\n    }  \n  }\n});\n\n"]},"hash":"26cc854dc0af1e5f5beafdf1b0d688e1bef41fff"}
