{"metadata":{"usedHelpers":[],"marked":[],"modules":{"imports":[],"exports":{"exported":[],"specifiers":[]}}},"options":{"filename":"/client/views/users/follower.js","filenameRelative":"/client/views/users/follower.js","env":{},"retainLines":false,"highlightCode":true,"suppressDeprecationMessages":false,"presets":[],"plugins":[[[],null],[[],null],[[],null],[[],null],[[],null],[[],null],[[],null],[[],{"polyfill":false}],[[],null],[[],null],[[],null],[[],null],[[],null],[[],null],[[],null],[[],null],[[],{"loose":true}],[[],{"loose":true}],[[],null],[[],{"loose":true}],[[],null],[[],null],[[],{"allowTopLevelThis":true,"strict":false,"loose":true}],[[],null],[[],null],[[],null],[[],null],[[],null],[[],{"loose":true}],[[],null],[[],null],[[],null],[[],null],[[],null],[[],null],[[],null],[[],null]],"ignore":[],"code":true,"metadata":true,"ast":false,"comments":true,"compact":false,"minified":false,"sourceMap":true,"sourceMaps":true,"sourceMapTarget":"/client/views/users/follower.js.map","sourceFileName":"/client/views/users/follower.js","babelrc":false,"sourceType":"module","moduleIds":false,"passPerPreset":false,"basename":"follower"},"ignored":false,"code":"Template.follower.helpers({\n  users: function () {\n    function users() {\n      return Meteor.users.find({ _id: { $ne: Meteor.userId() } }, { sort: { username: 1 } });\n    }\n\n    return users;\n  }()\n});\n\nTemplate.follower.onCreated(function () {\n  var _this = this;\n\n  this.autorun(function () {\n    _this.subscribe('users.follower');\n  });\n});","ast":null,"map":{"version":3,"sources":["/client/views/users/follower.js"],"names":[],"mappings":"AAAA,SAAS,QAAT,CAAkB,OAAlB,CAA0B;AACxB;AAAO,qBAAM;AACX,aAAO,OAAO,KAAP,CAAa,IAAb,CAAkB,EAAE,KAAK,EAAE,KAAK,OAAO,MAAP,EAAL,EAAP,EAApB,EAAqD,EAAE,MAAM,EAAE,UAAU,CAAV,EAAR,EAAvD,CAAP,CADW;KAAN;;;KAAP;CADF;;AAMA,SAAS,QAAT,CAAkB,SAAlB,CAA4B,YAAW;;;AACrC,OAAK,OAAL,CAAa,YAAM;AACjB,UAAK,SAAL,CAAe,gBAAf,EADiB;GAAN,CAAb,CADqC;CAAX,CAA5B","file":"/client/views/users/follower.js.map","sourcesContent":["Template.follower.helpers({\n  users: () => {\n    return Meteor.users.find({ _id: { $ne: Meteor.userId() } }, { sort: { username: 1 } });\n  }\n});\n\nTemplate.follower.onCreated(function() {\n  this.autorun(() => {\n    this.subscribe('users.follower');\n  });\n});\n"]},"hash":"3332c6720b0e716979a4521ecc92c4076a8180d8"}
