{"metadata":{"usedHelpers":[],"marked":[],"modules":{"imports":[],"exports":{"exported":[],"specifiers":[]}}},"options":{"filename":"/client/views/layout.js","filenameRelative":"/client/views/layout.js","env":{},"retainLines":false,"highlightCode":true,"suppressDeprecationMessages":false,"presets":[],"plugins":[[[],null],[[],null],[[],null],[[],null],[[],null],[[],null],[[],null],[[],{"polyfill":false}],[[],null],[[],null],[[],null],[[],null],[[],null],[[],null],[[],null],[[],null],[[],{"loose":true}],[[],{"loose":true}],[[],null],[[],{"loose":true}],[[],null],[[],null],[[],{"allowTopLevelThis":true,"strict":false,"loose":true}],[[],null],[[],null],[[],null],[[],null],[[],null],[[],{"loose":true}],[[],null],[[],null],[[],null],[[],null],[[],null],[[],null],[[],null],[[],null]],"ignore":[],"code":true,"metadata":true,"ast":false,"comments":true,"compact":false,"minified":false,"sourceMap":true,"sourceMaps":true,"sourceMapTarget":"/client/views/layout.js.map","sourceFileName":"/client/views/layout.js","babelrc":false,"sourceType":"module","moduleIds":false,"passPerPreset":false,"basename":"layout"},"ignored":false,"code":"var getHeight = function getHeight() {\n  var windowHeight = $(window).height(),\n      headerHeight = $('.main-header').outerHeight(true),\n      footerHeight = $('.footer').outerHeight(true);\n\n  return windowHeight - headerHeight - footerHeight + 'px';\n};\n\nTemplate.layout.onCreated(function () {\n  this.minHeight = new ReactiveVar(0);\n});\n\nTemplate.layout.onRendered(function () {\n  var _this = this;\n\n  this.minHeight.set(getHeight());\n\n  $(window).resize(function () {\n    _this.minHeight.set(getHeight());\n  });\n});","ast":null,"map":{"version":3,"sources":["/client/views/layout.js"],"names":[],"mappings":"AAAA,IAAI,YAAY,SAAZ,SAAY,GAAM;AACpB,MAAI,eAAe,EAAE,MAAF,EAAU,MAAV,EAAf;MACA,eAAe,EAAE,cAAF,EAAkB,WAAlB,CAA8B,IAA9B,CAAf;MACA,eAAe,EAAE,SAAF,EAAa,WAAb,CAAyB,IAAzB,CAAf,CAHgB;;AAKpB,SAAU,eAAe,YAAf,GAA8B,YAA9B,OAAV,CALoB;CAAN;;AAQhB,SAAS,MAAT,CAAgB,SAAhB,CAA0B,YAAW;AACnC,OAAK,SAAL,GAAiB,IAAI,WAAJ,CAAgB,CAAhB,CAAjB,CADmC;CAAX,CAA1B;;AAIA,SAAS,MAAT,CAAgB,UAAhB,CAA2B,YAAW;;;AACpC,OAAK,SAAL,CAAe,GAAf,CAAmB,WAAnB,EADoC;;AAGpC,IAAE,MAAF,EAAU,MAAV,CAAiB,YAAM;AACrB,UAAK,SAAL,CAAe,GAAf,CAAmB,WAAnB,EADqB;GAAN,CAAjB,CAHoC;CAAX,CAA3B","file":"/client/views/layout.js.map","sourcesContent":["let getHeight = () => {\n  let windowHeight = $(window).height(),\n      headerHeight = $('.main-header').outerHeight(true),\n      footerHeight = $('.footer').outerHeight(true);\n\n  return `${windowHeight - headerHeight - footerHeight}px`;\n};\n\nTemplate.layout.onCreated(function() {\n  this.minHeight = new ReactiveVar(0);\n});\n\nTemplate.layout.onRendered(function() {\n  this.minHeight.set(getHeight());\n\n  $(window).resize(() => {\n    this.minHeight.set(getHeight());\n  });\n});\n"]},"hash":"4f63cff9ce478d28ec5a71d85c34eede7c336cdd"}
