{"metadata":{"usedHelpers":["classCallCheck","typeof","interopRequireDefault"],"marked":[],"modules":{"imports":[],"exports":{"exported":[],"specifiers":[]}}},"options":{"filename":"/packages/themeteorchef:bert/bert.js","filenameRelative":"/packages/themeteorchef:bert/bert.js","env":{},"retainLines":false,"highlightCode":true,"suppressDeprecationMessages":false,"presets":[],"plugins":[[[],null],[[],null],[[],null],[[],null],[[],null],[[],null],[[],null],[[],{"polyfill":false}],[[],null],[[],null],[[],null],[[],null],[[],null],[[],null],[[],null],[[],null],[[],{"loose":true}],[[],{"loose":true}],[[],null],[[],{"loose":true}],[[],null],[[],null],[[],{"allowTopLevelThis":true,"strict":false,"loose":true}],[[],null],[[],null],[[],null],[[],null],[[],null],[[],{"loose":true}],[[],null],[[],null],[[],null],[[],null],[[],null],[[],null],[[],null],[[],null]],"ignore":[],"code":true,"metadata":true,"ast":false,"comments":true,"compact":false,"minified":false,"sourceMap":true,"sourceMaps":true,"sourceMapTarget":"/packages/themeteorchef:bert/bert.js.map","sourceFileName":"/packages/themeteorchef:bert/bert.js","babelrc":false,"sourceType":"module","moduleIds":false,"passPerPreset":false,"basename":"bert"},"ignored":false,"code":"var _typeof2 = require('babel-runtime/helpers/typeof');\n\nvar _typeof3 = _interopRequireDefault(_typeof2);\n\nvar _classCallCheck2 = require('babel-runtime/helpers/classCallCheck');\n\nvar _classCallCheck3 = _interopRequireDefault(_classCallCheck2);\n\nfunction _interopRequireDefault(obj) { return obj && obj.__esModule ? obj : { 'default': obj }; }\n\nvar BertAlert = function () {\n  function BertAlert() {\n    (0, _classCallCheck3['default'])(this, BertAlert);\n\n    this.styles = ['fixed-top', 'fixed-bottom', 'growl-top-left', 'growl-top-right', 'growl-bottom-left', 'growl-bottom-right'];\n\n    this.types = ['default', 'success', 'info', 'warning', 'danger'];\n\n    this.icons = {\n      'default': 'fa-bell',\n      success: 'fa-check',\n      info: 'fa-info',\n      warning: 'fa-warning',\n      danger: 'fa-remove'\n    };\n\n    this.defaults = {\n      hideDelay: 3500,\n      style: 'fixed-top',\n      type: 'default'\n    };\n  }\n\n  BertAlert.prototype.alert = function () {\n    function alert() {\n      var _this = this,\n          _arguments = arguments;\n\n      if (this.isVisible()) {\n        this.hide();\n        setTimeout(function () {\n          _this.handleAlert(_arguments);\n        }, 300);\n      } else {\n        this.handleAlert(arguments);\n      }\n    }\n\n    return alert;\n  }();\n\n  BertAlert.prototype.isVisible = function () {\n    function isVisible() {\n      return $('.bert-alert').hasClass('show');\n    }\n\n    return isVisible;\n  }();\n\n  BertAlert.prototype.handleAlert = function () {\n    function handleAlert(alert) {\n      var _this2 = this;\n\n      this.registerClickHandler();\n      this.setBertOnSession(alert);\n      setTimeout(function () {\n        _this2.show();\n      }, 20);\n      this.bertTimer();\n    }\n\n    return handleAlert;\n  }();\n\n  BertAlert.prototype.registerClickHandler = function () {\n    function registerClickHandler() {\n      var _this3 = this;\n\n      $('.bert-alert').off('click');\n      $('.bert-alert').on('click', function () {\n        _this3.hide();\n      });\n    }\n\n    return registerClickHandler;\n  }();\n\n  BertAlert.prototype.bertTimer = function () {\n    function bertTimer() {\n      var _this4 = this;\n\n      clearTimeout(this.timer);\n      this.timer = setTimeout(function () {\n        _this4.hide();\n      }, this.defaults.hideDelay);\n      return this.timer;\n    }\n\n    return bertTimer;\n  }();\n\n  BertAlert.prototype.show = function () {\n    function show() {\n      $('.bert-alert').addClass('show').delay(25).queue(function () {\n        $('.bert-alert').addClass('animate').dequeue();\n      });\n    }\n\n    return show;\n  }();\n\n  BertAlert.prototype.hide = function () {\n    function hide() {\n      $('.bert-alert').removeClass('animate');\n      setTimeout(function () {\n        $('.bert-alert').removeClass('show');\n        Session.set('bertAlert', null);\n      }, 300);\n    }\n\n    return hide;\n  }();\n\n  BertAlert.prototype.setBertOnSession = function () {\n    function setBertOnSession(alert) {\n      if ((0, _typeof3['default'])(alert[0]) === 'object') {\n        var type = alert[0].type || this.defaults.type;\n\n        Session.set('bertAlert', {\n          title: alert[0].title || \"\",\n          message: alert[0].message || \"\",\n          type: type,\n          style: alert[0].style || this.defaults.style,\n          icon: alert[0].icon || this.icons[type]\n        });\n      } else {\n        var _type = alert[1] || this.defaults.type;\n\n        Session.set('bertAlert', {\n          message: alert[0] || \"\",\n          type: _type,\n          style: alert[2] || this.defaults.style,\n          icon: alert[3] || this.icons[_type]\n        });\n      }\n    }\n\n    return setBertOnSession;\n  }();\n\n  return BertAlert;\n}();\n\nBert = new BertAlert();","ast":null,"map":{"version":3,"sources":["/packages/themeteorchef:bert/bert.js"],"names":[],"mappings":";;;;;;;;;;IAAM;AACJ,WADI,SACJ,GAAc;2CADV,WACU;;AACZ,SAAK,MAAL,GAAc,CACZ,WADY,EAEZ,cAFY,EAGZ,gBAHY,EAIZ,iBAJY,EAKZ,mBALY,EAMZ,oBANY,CAAd,CADY;;AAUZ,SAAK,KAAL,GAAa,CACX,SADW,EAEX,SAFW,EAGX,MAHW,EAIX,SAJW,EAKX,QALW,CAAb,CAVY;;AAkBZ,SAAK,KAAL,GAAa;AACX,iBAAS,SAAT;AACA,eAAS,UAAT;AACA,YAAM,SAAN;AACA,eAAS,YAAT;AACA,cAAQ,WAAR;KALF,CAlBY;;AA0BZ,SAAK,QAAL,GAAgB;AACd,iBAAW,IAAX;AACA,aAAO,WAAP;AACA,YAAM,SAAN;KAHF,CA1BY;GAAd;;AADI,sBAkCJ;qBAAQ;;;;AACN,UAAK,KAAK,SAAL,EAAL,EAAwB;AACtB,aAAK,IAAL,GADsB;AAEtB,mBAAY,YAAM;AAAE,gBAAK,WAAL,aAAF;SAAN,EAA0C,GAAtD,EAFsB;OAAxB,MAGO;AACL,aAAK,WAAL,CAAkB,SAAlB,EADK;OAHP;;;;;;AAnCE,sBA2CJ;yBAAY;AACV,aAAO,EAAG,aAAH,EAAmB,QAAnB,CAA6B,MAA7B,CAAP,CADU;;;;;;AA3CR,sBA+CJ;yBAAa,OAAQ;;;AACnB,WAAK,oBAAL,GADmB;AAEnB,WAAK,gBAAL,CAAuB,KAAvB,EAFmB;AAGnB,iBAAY,YAAM;AAAE,eAAK,IAAL,GAAF;OAAN,EAAwB,EAApC,EAHmB;AAInB,WAAK,SAAL,GAJmB;;;;;;AA/CjB,sBAsDJ;oCAAuB;;;AACrB,QAAG,aAAH,EAAmB,GAAnB,CAAwB,OAAxB,EADqB;AAErB,QAAG,aAAH,EAAmB,EAAnB,CAAuB,OAAvB,EAAgC,YAAM;AAAE,eAAK,IAAL,GAAF;OAAN,CAAhC,CAFqB;;;;;;AAtDnB,sBA2DJ;yBAAY;;;AACV,mBAAc,KAAK,KAAL,CAAd,CADU;AAEV,WAAK,KAAL,GAAa,WAAY,YAAM;AAAE,eAAK,IAAL,GAAF;OAAN,EAAwB,KAAK,QAAL,CAAc,SAAd,CAAjD,CAFU;AAGV,aAAO,KAAK,KAAL,CAHG;;;;;;AA3DR,sBAiEJ;oBAAO;AACL,QAAG,aAAH,EAAmB,QAAnB,CAA6B,MAA7B,EAAsC,KAAtC,CAA6C,EAA7C,EAAkD,KAAlD,CAAyD,YAAM;AAC7D,UAAG,aAAH,EAAmB,QAAnB,CAA6B,SAA7B,EAAyC,OAAzC,GAD6D;OAAN,CAAzD,CADK;;;;;;AAjEH,sBAuEJ;oBAAO;AACL,QAAG,aAAH,EAAmB,WAAnB,CAAgC,SAAhC,EADK;AAEL,iBAAY,YAAM;AAChB,UAAG,aAAH,EAAmB,WAAnB,CAAgC,MAAhC,EADgB;AAEhB,gBAAQ,GAAR,CAAa,WAAb,EAA0B,IAA1B,EAFgB;OAAN,EAGT,GAHH,EAFK;;;;;;AAvEH,sBA+EJ;8BAAkB,OAAQ;AACxB,UAAK,yBAAO,MAAM,CAAN,EAAP,KAAoB,QAApB,EAA+B;AAClC,YAAI,OAAO,MAAM,CAAN,EAAS,IAAT,IAAiB,KAAK,QAAL,CAAc,IAAd,CADM;;AAGlC,gBAAQ,GAAR,CAAa,WAAb,EAA0B;AACxB,iBAAO,MAAM,CAAN,EAAS,KAAT,IAAkB,EAAlB;AACP,mBAAS,MAAM,CAAN,EAAS,OAAT,IAAoB,EAApB;AACT,gBAAM,IAAN;AACA,iBAAO,MAAM,CAAN,EAAS,KAAT,IAAkB,KAAK,QAAL,CAAc,KAAd;AACzB,gBAAM,MAAM,CAAN,EAAS,IAAT,IAAiB,KAAK,KAAL,CAAY,IAAZ,CAAjB;SALR,EAHkC;OAApC,MAUO;AACL,YAAI,QAAO,MAAM,CAAN,KAAY,KAAK,QAAL,CAAc,IAAd,CADlB;;AAGL,gBAAQ,GAAR,CAAa,WAAb,EAA0B;AACxB,mBAAS,MAAM,CAAN,KAAY,EAAZ;AACT,gBAAM,KAAN;AACA,iBAAO,MAAM,CAAN,KAAY,KAAK,QAAL,CAAc,KAAd;AACnB,gBAAM,MAAM,CAAN,KAAY,KAAK,KAAL,CAAY,KAAZ,CAAZ;SAJR,EAHK;OAVP;;;;;;SAhFE;;;AAuGN,OAAO,IAAI,SAAJ,EAAP","file":"/packages/themeteorchef:bert/bert.js.map","sourcesContent":["class BertAlert {\n  constructor() {\n    this.styles = [\n      'fixed-top',\n      'fixed-bottom',\n      'growl-top-left',\n      'growl-top-right',\n      'growl-bottom-left',\n      'growl-bottom-right'\n    ];\n\n    this.types = [\n      'default',\n      'success',\n      'info',\n      'warning',\n      'danger'\n    ];\n\n    this.icons = {\n      default: 'fa-bell',\n      success: 'fa-check',\n      info: 'fa-info',\n      warning: 'fa-warning',\n      danger: 'fa-remove'\n    };\n\n    this.defaults = {\n      hideDelay: 3500,\n      style: 'fixed-top',\n      type: 'default'\n    };\n  }\n\n  alert() {\n    if ( this.isVisible() ) {\n      this.hide();\n      setTimeout( () => { this.handleAlert( arguments ); }, 300 );\n    } else {\n      this.handleAlert( arguments );\n    }\n  }\n\n  isVisible() {\n    return $( '.bert-alert' ).hasClass( 'show' );\n  }\n\n  handleAlert( alert ) {\n    this.registerClickHandler();\n    this.setBertOnSession( alert );\n    setTimeout( () => { this.show(); }, 20 );\n    this.bertTimer();\n  }\n\n  registerClickHandler() {\n    $( '.bert-alert' ).off( 'click' );\n    $( '.bert-alert' ).on( 'click', () => { this.hide(); } );\n  }\n\n  bertTimer() {\n    clearTimeout( this.timer );\n    this.timer = setTimeout( () => { this.hide(); }, this.defaults.hideDelay );\n    return this.timer;\n  }\n\n  show() {\n    $( '.bert-alert' ).addClass( 'show' ).delay( 25 ).queue( () => {\n      $( '.bert-alert' ).addClass( 'animate' ).dequeue();\n    });\n  }\n\n  hide() {\n    $( '.bert-alert' ).removeClass( 'animate' );\n    setTimeout( () => {\n      $( '.bert-alert' ).removeClass( 'show' );\n      Session.set( 'bertAlert', null );\n    }, 300 );\n  }\n\n  setBertOnSession( alert ) {\n    if ( typeof alert[0] === 'object' ) {\n      let type = alert[0].type || this.defaults.type;\n\n      Session.set( 'bertAlert', {\n        title: alert[0].title || \"\",\n        message: alert[0].message || \"\",\n        type: type,\n        style: alert[0].style || this.defaults.style,\n        icon: alert[0].icon || this.icons[ type ]\n      });\n    } else {\n      let type = alert[1] || this.defaults.type;\n\n      Session.set( 'bertAlert', {\n        message: alert[0] || \"\",\n        type: type,\n        style: alert[2] || this.defaults.style,\n        icon: alert[3] || this.icons[ type ]\n      });\n    }\n  }\n}\n\nBert = new BertAlert();\n"]},"hash":"52fb95d025173ac4f7633c4c71ff3fb379ee09bb"}
