{"metadata":{"usedHelpers":[],"marked":[],"modules":{"imports":[],"exports":{"exported":[],"specifiers":[]}}},"options":{"filename":"/collections/posts.js","filenameRelative":"/collections/posts.js","env":{},"retainLines":false,"highlightCode":true,"suppressDeprecationMessages":false,"presets":[],"plugins":[[[],null],[[],null],[[],null],[[],null],[[],null],[[],null],[[],null],[[],{"polyfill":false}],[[],null],[[],null],[[],null],[[],null],[[],null],[[],null],[[],null],[[],null],[[],{"loose":true}],[[],{"loose":true}],[[],null],[[],{"loose":true}],[[],null],[[],null],[[],{"allowTopLevelThis":true,"strict":false,"loose":true}],[[],null],[[],null],[[],null],[[],null],[[],null],[[],{"loose":true}],[[],null],[[],null],[[],null],[[],null],[[],null],[[],null],[[],null],[[],null]],"ignore":[],"code":true,"metadata":true,"ast":false,"comments":true,"compact":false,"minified":false,"sourceMap":true,"sourceMaps":true,"sourceMapTarget":"/collections/posts.js.map","sourceFileName":"/collections/posts.js","babelrc":false,"sourceType":"module","moduleIds":false,"passPerPreset":false,"basename":"posts"},"ignored":false,"code":"Posts = new Mongo.Collection('posts');\n\nMeteor.methods({\n  'posts.insert': function () {\n    function postsInsert(body) {\n      check(body, String);\n\n      if (!Meteor.user()) {\n        throw new Meteor.Error(401, 'You need to be signed in to continue');\n      }\n      if (!body) {\n        throw new Meteor.Error(422, 'Body should not be blank');\n      }\n\n      var post = {\n        body: body,\n        authorId: Meteor.userId(),\n        createdAt: new Date(),\n        updatedAt: new Date()\n      };\n\n      return Posts.insert(post);\n    }\n\n    return postsInsert;\n  }(),\n\n  'posts.remove': function () {\n    function postsRemove(_id) {\n      check(_id, String);\n\n      if (!Meteor.user()) {\n        throw new Meteor.Error(401, 'You need to be signed in to continue');\n      }\n      if (!_id) {\n        throw new Meteor.Error(422, '_id should not be blank');\n      }\n      if (Meteor.userId() !== Posts.findOne({ _id: _id }).authorId) {\n        throw new Meteor.Error(422, 'You can only remove your own posts');\n      }\n\n      Posts.remove({ _id: _id });\n    }\n\n    return postsRemove;\n  }()\n});","ast":null,"map":{"version":3,"sources":["/collections/posts.js"],"names":[],"mappings":"AAAA,QAAQ,IAAI,MAAM,UAAN,CAAiB,OAArB,CAAR;;AAEA,OAAO,OAAP,CAAe;AACb;AAAgB,yBAAC,IAAD,EAAU;AACxB,YAAM,IAAN,EAAY,MAAZ,EADwB;;AAGxB,UAAI,CAAC,OAAO,IAAP,EAAD,EAAgB;AAClB,cAAM,IAAI,OAAO,KAAP,CAAa,GAAjB,EAAsB,sCAAtB,CAAN,CADkB;OAApB;AAGA,UAAI,CAAC,IAAD,EAAO;AACT,cAAM,IAAI,OAAO,KAAP,CAAa,GAAjB,EAAsB,0BAAtB,CAAN,CADS;OAAX;;AAIA,UAAI,OAAO;AACT,cAAM,IAAN;AACA,kBAAU,OAAO,MAAP,EAAV;AACA,mBAAW,IAAI,IAAJ,EAAX;AACA,mBAAW,IAAI,IAAJ,EAAX;OAJE,CAVoB;;AAiBxB,aAAO,MAAM,MAAN,CAAa,IAAb,CAAP,CAjBwB;KAAV;;;KAAhB;;AAoBA;AAAgB,yBAAC,GAAD,EAAS;AACvB,YAAM,GAAN,EAAW,MAAX,EADuB;;AAGvB,UAAI,CAAC,OAAO,IAAP,EAAD,EAAgB;AAClB,cAAM,IAAI,OAAO,KAAP,CAAa,GAAjB,EAAsB,sCAAtB,CAAN,CADkB;OAApB;AAGA,UAAI,CAAC,GAAD,EAAM;AACR,cAAM,IAAI,OAAO,KAAP,CAAa,GAAjB,EAAsB,yBAAtB,CAAN,CADQ;OAAV;AAGA,UAAI,OAAO,MAAP,OAAoB,MAAM,OAAN,CAAc,EAAE,KAAK,GAAL,EAAhB,EAA4B,QAA5B,EAAsC;AAC5D,cAAM,IAAI,OAAO,KAAP,CAAa,GAAjB,EAAsB,oCAAtB,CAAN,CAD4D;OAA9D;;AAIA,YAAM,MAAN,CAAa,EAAE,KAAK,GAAL,EAAf,EAbuB;KAAT;;;KAAhB;CArBF","file":"/collections/posts.js.map","sourcesContent":["Posts = new Mongo.Collection('posts');\n\nMeteor.methods({\n  'posts.insert': (body) => {\n    check(body, String);\n\n    if (!Meteor.user()) {\n      throw new Meteor.Error(401, 'You need to be signed in to continue');\n    }\n    if (!body) {\n      throw new Meteor.Error(422, 'Body should not be blank');\n    }\n\n    let post = {\n      body: body,\n      authorId: Meteor.userId(),\n      createdAt: new Date(),\n      updatedAt: new Date()\n    };\n\n    return Posts.insert(post);\n  },\n\n  'posts.remove': (_id) => {\n    check(_id, String);\n\n    if (!Meteor.user()) {\n      throw new Meteor.Error(401, 'You need to be signed in to continue');\n    }\n    if (!_id) {\n      throw new Meteor.Error(422, '_id should not be blank');\n    }\n    if (Meteor.userId() !== Posts.findOne({ _id: _id }).authorId) {\n      throw new Meteor.Error(422, 'You can only remove your own posts');\n    }\n\n    Posts.remove({ _id: _id });\n  }\n});\n"]},"hash":"7402580a7f03a9468fa11712360d832b6793d4fb"}
