{"metadata":{"usedHelpers":[],"marked":[],"modules":{"imports":[],"exports":{"exported":[],"specifiers":[]}}},"options":{"filename":"/server/startup.js","filenameRelative":"/server/startup.js","env":{},"retainLines":false,"highlightCode":true,"suppressDeprecationMessages":false,"presets":[],"plugins":[[[],null],[[],null],[[],null],[[],null],[[],null],[[],null],[[],null],[[],{"polyfill":false}],[[],null],[[],null],[[],null],[[],null],[[],null],[[],null],[[],null],[[],null],[[],{"loose":true}],[[],{"loose":true}],[[],null],[[],{"loose":true}],[[],null],[[],null],[[],{"allowTopLevelThis":true,"strict":false,"loose":true}],[[],null],[[],null],[[],null],[[],null],[[],null],[[],{"loose":true}],[[],null],[[],null],[[],null],[[],null],[[],null],[[],null],[[],null],[[],null]],"ignore":[],"code":true,"metadata":true,"ast":false,"comments":true,"compact":false,"minified":false,"sourceMap":true,"sourceMaps":true,"sourceMapTarget":"/server/startup.js.map","sourceFileName":"/server/startup.js","babelrc":false,"sourceType":"module","moduleIds":false,"passPerPreset":false,"basename":"startup"},"ignored":false,"code":"Meteor.startup(function () {\n  Accounts.validateNewUser(function (user) {\n    if (user.emails && user.emails[0].address.length !== 0) {\n      return true;\n    }\n    throw new Meteor.Error(403, 'E-Mail address should not be blank');\n  });\n  Accounts.validateNewUser(function (user) {\n    if (user.username && user.username.length >= 3) {\n      return true;\n    }\n    throw new Meteor.Error(403, 'Username must have at least 3 characters');\n  });\n});","ast":null,"map":{"version":3,"sources":["/server/startup.js"],"names":[],"mappings":"AAAA,OAAO,OAAP,CAAe,YAAM;AACnB,WAAS,eAAT,CAAyB,UAAC,IAAD,EAAU;AACjC,QAAI,KAAK,MAAL,IAAe,KAAK,MAAL,CAAY,CAAZ,EAAe,OAAf,CAAuB,MAAvB,KAAkC,CAAlC,EAAqC;AACtD,aAAO,IAAP,CADsD;KAAxD;AAGA,UAAM,IAAI,OAAO,KAAP,CAAa,GAAjB,EAAsB,oCAAtB,CAAN,CAJiC;GAAV,CAAzB,CADmB;AAOnB,WAAS,eAAT,CAAyB,UAAC,IAAD,EAAU;AACjC,QAAI,KAAK,QAAL,IAAiB,KAAK,QAAL,CAAc,MAAd,IAAwB,CAAxB,EAA2B;AAC9C,aAAO,IAAP,CAD8C;KAAhD;AAGA,UAAM,IAAI,OAAO,KAAP,CAAa,GAAjB,EAAsB,0CAAtB,CAAN,CAJiC;GAAV,CAAzB,CAPmB;CAAN,CAAf","file":"/server/startup.js.map","sourcesContent":["Meteor.startup(() => {\n  Accounts.validateNewUser((user) => {\n    if (user.emails && user.emails[0].address.length !== 0) {\n      return true;\n    }\n    throw new Meteor.Error(403, 'E-Mail address should not be blank');\n  });\n  Accounts.validateNewUser((user) => {\n    if (user.username && user.username.length >= 3) {\n      return true;\n    }\n    throw new Meteor.Error(403, 'Username must have at least 3 characters');\n  });\n});\n"]},"hash":"92dc34aa25ddb049768cddcd5b7a5c2329b263d0"}
