{"metadata":{"usedHelpers":[],"marked":[],"modules":{"imports":[],"exports":{"exported":[],"specifiers":[]}}},"options":{"filename":"/collections/users.js","filenameRelative":"/collections/users.js","env":{},"retainLines":false,"highlightCode":true,"suppressDeprecationMessages":false,"presets":[],"plugins":[[[],null],[[],null],[[],null],[[],null],[[],null],[[],null],[[],null],[[],{"polyfill":false}],[[],null],[[],null],[[],null],[[],null],[[],null],[[],null],[[],null],[[],null],[[],{"loose":true}],[[],{"loose":true}],[[],null],[[],{"loose":true}],[[],null],[[],null],[[],{"allowTopLevelThis":true,"strict":false,"loose":true}],[[],null],[[],null],[[],null],[[],null],[[],null],[[],{"loose":true}],[[],null],[[],null],[[],null],[[],null],[[],null],[[],null],[[],null],[[],null]],"ignore":[],"code":true,"metadata":true,"ast":false,"comments":true,"compact":false,"minified":false,"sourceMap":true,"sourceMaps":true,"sourceMapTarget":"/collections/users.js.map","sourceFileName":"/collections/users.js","babelrc":false,"sourceType":"module","moduleIds":false,"passPerPreset":false,"basename":"users"},"ignored":false,"code":"Meteor.methods({\n  'users.updateProfile': function () {\n    function usersUpdateProfile(user) {\n      check(user, {\n        biography: String,\n        socialMedia: Object\n      });\n\n      if (!Meteor.user()) {\n        throw new Meteor.Error(401, 'You need to be signed in to continue');\n      }\n\n      Meteor.users.update({ _id: Meteor.userId() }, { $set: { biography: user.biography, socialMedia: user.socialMedia } });\n    }\n\n    return usersUpdateProfile;\n  }(),\n\n  'users.follow': function () {\n    function usersFollow(_id) {\n      check(_id, String);\n\n      if (!Meteor.user()) {\n        throw new Meteor.Error(401, 'You need to be signed in to continue');\n      }\n      if (Meteor.userId() === _id) {\n        throw new Meteor.Error(422, 'You can not follow yourself');\n      }\n\n      Meteor.users.update({ _id: Meteor.userId() }, { $addToSet: { followingIds: _id } });\n    }\n\n    return usersFollow;\n  }(),\n\n  'users.unfollow': function () {\n    function usersUnfollow(_id) {\n      check(_id, String);\n\n      if (!Meteor.user()) {\n        throw new Meteor.Error(401, 'You need to be signed in to continue');\n      }\n      if (Meteor.userId() === _id) {\n        throw new Meteor.Error(422, 'You can not unfollow yourself');\n      }\n\n      Meteor.users.update({ _id: Meteor.userId() }, { $pull: { followingIds: _id } });\n    }\n\n    return usersUnfollow;\n  }()\n});","ast":null,"map":{"version":3,"sources":["/collections/users.js"],"names":[],"mappings":"AAAA,OAAO,OAAP,CAAe;AACb;AAAuB,gCAAC,IAAD,EAAU;AAC/B,YAAM,IAAN,EAAY;AACV,mBAAW,MAAX;AACA,qBAAa,MAAb;OAFF,EAD+B;;AAM/B,UAAI,CAAC,OAAO,IAAP,EAAD,EAAgB;AAClB,cAAM,IAAI,OAAO,KAAP,CAAa,GAAjB,EAAsB,sCAAtB,CAAN,CADkB;OAApB;;AAIA,aAAO,KAAP,CAAa,MAAb,CAAoB,EAAE,KAAK,OAAO,MAAP,EAAL,EAAtB,EAA8C,EAAE,MAAM,EAAE,WAAW,KAAK,SAAL,EAAgB,aAAa,KAAK,WAAL,EAAhD,EAAhD,EAV+B;KAAV;;;KAAvB;;AAaA;AAAgB,yBAAC,GAAD,EAAS;AACvB,YAAM,GAAN,EAAW,MAAX,EADuB;;AAGvB,UAAI,CAAC,OAAO,IAAP,EAAD,EAAgB;AAClB,cAAM,IAAI,OAAO,KAAP,CAAa,GAAjB,EAAsB,sCAAtB,CAAN,CADkB;OAApB;AAGA,UAAI,OAAO,MAAP,OAAoB,GAApB,EAAyB;AAC3B,cAAM,IAAI,OAAO,KAAP,CAAa,GAAjB,EAAsB,6BAAtB,CAAN,CAD2B;OAA7B;;AAIA,aAAO,KAAP,CAAa,MAAb,CAAoB,EAAE,KAAK,OAAO,MAAP,EAAL,EAAtB,EAA8C,EAAE,WAAW,EAAE,cAAc,GAAd,EAAb,EAAhD,EAVuB;KAAT;;;KAAhB;;AAaA;AAAkB,2BAAC,GAAD,EAAS;AACzB,YAAM,GAAN,EAAW,MAAX,EADyB;;AAGzB,UAAI,CAAC,OAAO,IAAP,EAAD,EAAgB;AAClB,cAAM,IAAI,OAAO,KAAP,CAAa,GAAjB,EAAsB,sCAAtB,CAAN,CADkB;OAApB;AAGA,UAAI,OAAO,MAAP,OAAoB,GAApB,EAAyB;AAC3B,cAAM,IAAI,OAAO,KAAP,CAAa,GAAjB,EAAsB,+BAAtB,CAAN,CAD2B;OAA7B;;AAIA,aAAO,KAAP,CAAa,MAAb,CAAoB,EAAE,KAAK,OAAO,MAAP,EAAL,EAAtB,EAA8C,EAAE,OAAO,EAAE,cAAc,GAAd,EAAT,EAAhD,EAVyB;KAAT;;;KAAlB;CA3BF","file":"/collections/users.js.map","sourcesContent":["Meteor.methods({\n  'users.updateProfile': (user) => {\n    check(user, {\n      biography: String,\n      socialMedia: Object\n    });\n\n    if (!Meteor.user()) {\n      throw new Meteor.Error(401, 'You need to be signed in to continue');\n    }\n\n    Meteor.users.update({ _id: Meteor.userId() }, { $set: { biography: user.biography, socialMedia: user.socialMedia } } );\n  },\n\n  'users.follow': (_id) => {\n    check(_id, String);\n\n    if (!Meteor.user()) {\n      throw new Meteor.Error(401, 'You need to be signed in to continue');\n    }\n    if (Meteor.userId() === _id) {\n      throw new Meteor.Error(422, 'You can not follow yourself');\n    }\n\n    Meteor.users.update({ _id: Meteor.userId() }, { $addToSet: { followingIds: _id } });\n  },\n\n  'users.unfollow': (_id) => {\n    check(_id, String);\n\n    if (!Meteor.user()) {\n      throw new Meteor.Error(401, 'You need to be signed in to continue');\n    }\n    if (Meteor.userId() === _id) {\n      throw new Meteor.Error(422, 'You can not unfollow yourself');\n    }\n\n    Meteor.users.update({ _id: Meteor.userId() }, { $pull: { followingIds: _id } });\n  }\n});\n"]},"hash":"92e5d437c05a4cc49ffdd9469f5004199d0b5f97"}
