{"metadata":{"usedHelpers":[],"marked":[],"modules":{"imports":[],"exports":{"exported":[],"specifiers":[]}}},"options":{"filename":"/client/views/reviews.js","filenameRelative":"/client/views/reviews.js","env":{},"retainLines":false,"highlightCode":true,"suppressDeprecationMessages":false,"presets":[],"plugins":[[[],null],[[],null],[[],null],[[],null],[[],null],[[],null],[[],null],[[],{"polyfill":false}],[[],null],[[],null],[[],null],[[],null],[[],null],[[],null],[[],null],[[],null],[[],{"loose":true}],[[],{"loose":true}],[[],null],[[],{"loose":true}],[[],null],[[],null],[[],{"allowTopLevelThis":true,"strict":false,"loose":true}],[[],null],[[],null],[[],null],[[],null],[[],null],[[],{"loose":true}],[[],null],[[],null],[[],null],[[],null],[[],null],[[],null],[[],null],[[],null]],"ignore":[],"code":true,"metadata":true,"ast":false,"comments":true,"compact":false,"minified":false,"sourceMap":true,"sourceMaps":true,"sourceMapTarget":"/client/views/reviews.js.map","sourceFileName":"/client/views/reviews.js","babelrc":false,"sourceType":"module","moduleIds":false,"passPerPreset":false,"basename":"reviews"},"ignored":false,"code":"Template.reviews.onCreated(function () {\n    var _this = this;\n\n    this.searchQuery = new ReactiveVar('');\n    this.filter = new ReactiveVar('all');\n    this.limit = new ReactiveVar(20);\n    this.reviewsCount = new ReactiveVar(0);\n\n    this.autorun(function () {\n        _this.subscribe('reviews.all', _this.searchQuery.get(), _this.filter.get(), _this.limit.get());\n        _this.subscribe('users.all', _this.searchQuery.get(), _this.limit.get());\n        _this.reviewsCount.set(Counts.get('reviews.all'));\n    });\n});\n\nTemplate.reviews.onRendered(function () {\n    autosize($('[data-id=body]'));\n\n    // Set submit button to disabled since text field is empty\n    $('input[type=submit]').addClass('disabled');\n});\n\nTemplate.reviews.helpers({\n    reviews: function () {\n        function reviews() {\n            var instance = Template.instance();\n            if (instance.searchQuery.get()) {\n                return Reviews.find({}, { sort: [['score', 'desc']] });\n            }\n            return Reviews.find({}, { sort: { createdAt: -1 } });\n        }\n\n        return reviews;\n    }(),\n\n    activeIfFilterIs: function () {\n        function activeIfFilterIs(filter) {\n            if (filter === Template.instance().filter.get()) {\n                return 'active';\n            }\n        }\n\n        return activeIfFilterIs;\n    }(),\n\n    hasMoreReviews: function () {\n        function hasMoreReviews() {\n            return Template.instance().limit.get() <= Template.instance().reviewsCount.get();\n        }\n\n        return hasMoreReviews;\n    }(),\n    // Settings for autocomplete in review field\n    settings: function () {\n        function settings() {\n            return {\n                position: 'bottom',\n                limit: 5,\n                rules: [{\n                    token: '@',\n                    collection: Meteor.users,\n                    field: 'username',\n                    template: Template.userList,\n                    filter: { _id: { $ne: Meteor.userId() } }\n                }]\n            };\n        }\n\n        return settings;\n    }()\n});\n\nTemplate.reviews.events({\n    'keyup [data-id=body]': function () {\n        function keyupDataIdBody(event, template) {\n            // If body section has text enable the submit button, else disable it\n            if (template.find('[data-id=body]').value.toString().trim() !== '') {\n                $('input[type=submit]').removeClass('disabled');\n            } else {\n                $('input[type=submit]').addClass('disabled');\n            }\n        }\n\n        return keyupDataIdBody;\n    }(),\n\n    'submit [data-id=insert-review-form]': function () {\n        function submitDataIdInsertReviewForm(event, template) {\n            event.preventDefault();\n\n            // Only continue if button isn't disabled\n            if (!$('input[type=submit]').hasClass('disabled')) {\n                Meteor.call('reviews.insert', template.find('[data-id=body]').value, function (error, result) {\n                    if (error) {\n                        Bert.alert(error.reason, 'danger', 'growl-top-right');\n                    } else {\n                        Bert.alert('Review successfully submitted', 'success', 'growl-top-right');\n                        template.find('[data-id=body]').value = '';\n                        $('[data-id=body]').css('height', '39px');\n                        $('input[type=submit]').addClass('disabled');\n                    }\n                });\n            }\n        }\n\n        return submitDataIdInsertReviewForm;\n    }(),\n\n    'click [data-id=all]': function () {\n        function clickDataIdAll(event, template) {\n            template.filter.set('all');\n        }\n\n        return clickDataIdAll;\n    }(),\n\n    'click [data-id=following]': function () {\n        function clickDataIdFollowing(events, template) {\n            template.filter.set('following');\n        }\n\n        return clickDataIdFollowing;\n    }(),\n\n    'click [data-id=load-more]': function () {\n        function clickDataIdLoadMore(event, template) {\n            template.limit.set(template.limit.get() + 20);\n        }\n\n        return clickDataIdLoadMore;\n    }(),\n\n    'keyup [data-id=search-query]': _.debounce(function (event, template) {\n        event.preventDefault();\n        template.searchQuery.set(template.find('[data-id=search-query]').value);\n        template.limit.set(20);\n    }, 300),\n\n    'submit [data-id=search-reviews-form]': function () {\n        function submitDataIdSearchReviewsForm(event, template) {\n            event.preventDefault();\n        }\n\n        return submitDataIdSearchReviewsForm;\n    }()\n});","ast":null,"map":{"version":3,"sources":["/client/views/reviews.js"],"names":[],"mappings":"AAAA,SAAS,OAAT,CAAiB,SAAjB,CAA2B,YAAW;;;AAClC,SAAK,WAAL,GAAmB,IAAI,WAAJ,CAAgB,EAAhB,CAAnB,CADkC;AAElC,SAAK,MAAL,GAAc,IAAI,WAAJ,CAAgB,KAAhB,CAAd,CAFkC;AAGlC,SAAK,KAAL,GAAa,IAAI,WAAJ,CAAgB,EAAhB,CAAb,CAHkC;AAIlC,SAAK,YAAL,GAAoB,IAAI,WAAJ,CAAgB,CAAhB,CAApB,CAJkC;;AAMlC,SAAK,OAAL,CAAa,YAAM;AACf,cAAK,SAAL,CAAe,aAAf,EAA8B,MAAK,WAAL,CAAiB,GAAjB,EAA9B,EAAsD,MAAK,MAAL,CAAY,GAAZ,EAAtD,EAAyE,MAAK,KAAL,CAAW,GAAX,EAAzE,EADe;AAEnB,cAAK,SAAL,CAAe,WAAf,EAA4B,MAAK,WAAL,CAAiB,GAAjB,EAA5B,EAAoD,MAAK,KAAL,CAAW,GAAX,EAApD,EAFmB;AAGnB,cAAK,YAAL,CAAkB,GAAlB,CAAsB,OAAO,GAAP,CAAW,aAAX,CAAtB,EAHmB;KAAN,CAAb,CANkC;CAAX,CAA3B;;AAaA,SAAS,OAAT,CAAiB,UAAjB,CAA4B,YAAM;AAC9B,aAAS,EAAE,gBAAF,CAAT;;;AAD8B,KAIlC,CAAE,oBAAF,EAAwB,QAAxB,CAAiC,UAAjC,EAJkC;CAAN,CAA5B;;AAOA,SAAS,OAAT,CAAiB,OAAjB,CAAyB;AACjB;AAAS,2BAAM;AACf,gBAAM,WAAW,SAAS,QAAT,EAAX,CADS;AAEvB,gBAAI,SAAS,WAAT,CAAqB,GAArB,EAAJ,EAAgC;AAC5B,uBAAO,QAAQ,IAAR,CAAa,EAAb,EAAiB,EAAE,MAAM,CAAC,CAAC,OAAD,EAAU,MAAV,CAAD,CAAN,EAAnB,CAAP,CAD4B;aAAhC;AAGA,mBAAO,QAAQ,IAAR,CAAa,EAAb,EAAiB,EAAE,MAAM,EAAE,WAAW,CAAC,CAAD,EAAnB,EAAnB,CAAP,CALuB;SAAN;;;OAAT;;AAQR;AAAkB,kCAAC,MAAD,EAAY;AAC1B,gBAAI,WAAW,SAAS,QAAT,GAAoB,MAApB,CAA2B,GAA3B,EAAX,EAA6C;AAC7C,uBAAO,QAAP,CAD6C;aAAjD;SADc;;;OAAlB;;AAMA;AAAgB,kCAAM;AAClB,mBAAO,SAAS,QAAT,GAAoB,KAApB,CAA0B,GAA1B,MAAmC,SAAS,QAAT,GAAoB,YAApB,CAAiC,GAAjC,EAAnC,CADW;SAAN;;;OAAhB;;AAIA;AAAU,4BAAM;AACZ,mBAAO;AACH,0BAAU,QAAV;AACA,uBAAO,CAAP;AACA,uBAAO,CAAC;AACJ,2BAAO,GAAP;AACA,gCAAY,OAAO,KAAP;AACZ,2BAAO,UAAP;AACA,8BAAU,SAAS,QAAT;AACV,4BAAQ,EAAE,KAAK,EAAE,KAAK,OAAO,MAAP,EAAL,EAAP,EAAV;iBALG,CAAP;aAHJ,CADY;SAAN;;;OAAV;CAnBA;;AAkCA,SAAS,OAAT,CAAiB,MAAjB,CAAwB;AAChB;AAAwB,iCAAC,KAAD,EAAQ,QAAR,EAAqB;;AAE7C,gBAAI,SAAS,IAAT,CAAc,gBAAd,EAAgC,KAAhC,CAAsC,QAAtC,GAAiD,IAAjD,OAA4D,EAA5D,EAAgE;AACxE,kBAAE,oBAAF,EAAwB,WAAxB,CAAoC,UAApC,EADwE;aAApE,MAED;AACH,kBAAE,oBAAF,EAAwB,QAAxB,CAAiC,UAAjC,EADG;aAFC;SAFwB;;;OAAxB;;AASR;AAAuC,8CAAC,KAAD,EAAQ,QAAR,EAAqB;AACxD,kBAAM,cAAN;;;AADwD,gBAIpD,CAAC,EAAE,oBAAF,EAAwB,QAAxB,CAAiC,UAAjC,CAAD,EAA+C;AAC/C,uBAAO,IAAP,CAAY,gBAAZ,EAA8B,SAAS,IAAT,CAAc,gBAAd,EAAgC,KAAhC,EAAuC,UAAC,KAAD,EAAQ,MAAR,EAAmB;AACpF,wBAAI,KAAJ,EAAW;AACP,6BAAK,KAAL,CAAW,MAAM,MAAN,EAAc,QAAzB,EAAmC,iBAAnC,EADO;qBAAX,MAEO;AACH,6BAAK,KAAL,CAAW,+BAAX,EAA4C,SAA5C,EAAuD,iBAAvD,EADG;AAEX,iCAAS,IAAT,CAAc,gBAAd,EAAgC,KAAhC,GAAwC,EAAxC,CAFW;AAGX,0BAAE,gBAAF,EAAoB,GAApB,CAAwB,QAAxB,EAAkC,MAAlC,EAHW;AAIX,0BAAE,oBAAF,EAAwB,QAAxB,CAAiC,UAAjC,EAJW;qBAFP;iBADiE,CAArE,CAD+C;aAAnD;SAJmC;;;OAAvC;;AAkBA;AAAuB,gCAAC,KAAD,EAAQ,QAAR,EAAqB;AACxC,qBAAS,MAAT,CAAgB,GAAhB,CAAoB,KAApB,EADwC;SAArB;;;OAAvB;;AAIA;AAA6B,sCAAC,MAAD,EAAS,QAAT,EAAsB;AAC/C,qBAAS,MAAT,CAAgB,GAAhB,CAAoB,WAApB,EAD+C;SAAtB;;;OAA7B;;AAIA;AAA6B,qCAAC,KAAD,EAAQ,QAAR,EAAqB;AAC9C,qBAAS,KAAT,CAAe,GAAf,CAAmB,SAAS,KAAT,CAAe,GAAf,KAAuB,EAAvB,CAAnB,CAD8C;SAArB;;;OAA7B;;AAIA,oCAAgC,EAAE,QAAF,CAAW,UAAC,KAAD,EAAQ,QAAR,EAAqB;AAC5D,cAAM,cAAN,GAD4D;AAEhE,iBAAS,WAAT,CAAqB,GAArB,CAAyB,SAAS,IAAT,CAAc,wBAAd,EAAwC,KAAxC,CAAzB,CAFgE;AAGhE,iBAAS,KAAT,CAAe,GAAf,CAAmB,EAAnB,EAHgE;KAArB,EAIxC,GAJ6B,CAAhC;;AAMA;AAAwC,+CAAC,KAAD,EAAQ,QAAR,EAAqB;AACzD,kBAAM,cAAN,GADyD;SAArB;;;OAAxC;CA9CA","file":"/client/views/reviews.js.map","sourcesContent":["Template.reviews.onCreated(function() {\r\n    this.searchQuery = new ReactiveVar('');\r\n    this.filter = new ReactiveVar('all');\r\n    this.limit = new ReactiveVar(20);\r\n    this.reviewsCount = new ReactiveVar(0);\r\n\r\n    this.autorun(() => {\r\n        this.subscribe('reviews.all', this.searchQuery.get(), this.filter.get(), this.limit.get());\r\n    this.subscribe('users.all', this.searchQuery.get(), this.limit.get());\r\n    this.reviewsCount.set(Counts.get('reviews.all'));\r\n});\r\n});\r\n\r\nTemplate.reviews.onRendered(() => {\r\n    autosize($('[data-id=body]'));\r\n\r\n// Set submit button to disabled since text field is empty\r\n$('input[type=submit]').addClass('disabled');\r\n});\r\n\r\nTemplate.reviews.helpers({\r\n        reviews: () => {\r\n        const instance = Template.instance();\r\nif (instance.searchQuery.get()) {\r\n    return Reviews.find({}, { sort: [['score', 'desc']] });\r\n}\r\nreturn Reviews.find({}, { sort: { createdAt: -1 } });\r\n},\r\n\r\nactiveIfFilterIs: (filter) => {\r\n    if (filter === Template.instance().filter.get()) {\r\n        return 'active';\r\n    }\r\n},\r\n\r\nhasMoreReviews: () => {\r\n    return Template.instance().limit.get() <= Template.instance().reviewsCount.get();\r\n},\r\n// Settings for autocomplete in review field\r\nsettings: () => {\r\n    return {\r\n        position: 'bottom',\r\n        limit: 5,\r\n        rules: [{\r\n            token: '@',\r\n            collection: Meteor.users,\r\n            field: 'username',\r\n            template: Template.userList,\r\n            filter: { _id: { $ne: Meteor.userId() }}\r\n        }]\r\n    };\r\n}\r\n});\r\n\r\nTemplate.reviews.events({\r\n        'keyup [data-id=body]': (event, template) => {\r\n        // If body section has text enable the submit button, else disable it\r\n        if (template.find('[data-id=body]').value.toString().trim() !== '') {\r\n    $('input[type=submit]').removeClass('disabled');\r\n} else {\r\n    $('input[type=submit]').addClass('disabled');\r\n}\r\n},\r\n\r\n'submit [data-id=insert-review-form]': (event, template) => {\r\n    event.preventDefault();\r\n\r\n    // Only continue if button isn't disabled\r\n    if (!$('input[type=submit]').hasClass('disabled')) {\r\n        Meteor.call('reviews.insert', template.find('[data-id=body]').value, (error, result) => {\r\n            if (error) {\r\n                Bert.alert(error.reason, 'danger', 'growl-top-right');\r\n            } else {\r\n                Bert.alert('Review successfully submitted', 'success', 'growl-top-right');\r\n        template.find('[data-id=body]').value = '';\r\n        $('[data-id=body]').css('height', '39px');\r\n        $('input[type=submit]').addClass('disabled');\r\n    }\r\n    });\r\n    }\r\n},\r\n\r\n'click [data-id=all]': (event, template) => {\r\n    template.filter.set('all');\r\n},\r\n\r\n'click [data-id=following]': (events, template) => {\r\n    template.filter.set('following');\r\n},\r\n\r\n'click [data-id=load-more]': (event, template) => {\r\n    template.limit.set(template.limit.get() + 20);\r\n},\r\n\r\n'keyup [data-id=search-query]': _.debounce((event, template) => {\r\n    event.preventDefault();\r\ntemplate.searchQuery.set(template.find('[data-id=search-query]').value);\r\ntemplate.limit.set(20);\r\n}, 300),\r\n\r\n'submit [data-id=search-reviews-form]': (event, template) => {\r\n    event.preventDefault();\r\n}\r\n});\r\n"]},"hash":"9c4bab3d831bb06037a0f0ae23028996ade64f87"}
