{"metadata":{"usedHelpers":[],"marked":[],"modules":{"imports":[],"exports":{"exported":[],"specifiers":[]}}},"options":{"filename":"/lib/router.js","filenameRelative":"/lib/router.js","env":{},"retainLines":false,"highlightCode":true,"suppressDeprecationMessages":false,"presets":[],"plugins":[[[],null],[[],null],[[],null],[[],null],[[],null],[[],null],[[],null],[[],{"polyfill":false}],[[],null],[[],null],[[],null],[[],null],[[],null],[[],null],[[],null],[[],null],[[],{"loose":true}],[[],{"loose":true}],[[],null],[[],{"loose":true}],[[],null],[[],null],[[],{"allowTopLevelThis":true,"strict":false,"loose":true}],[[],null],[[],null],[[],null],[[],null],[[],null],[[],{"loose":true}],[[],null],[[],null],[[],null],[[],null],[[],null],[[],null],[[],null],[[],null]],"ignore":[],"code":true,"metadata":true,"ast":false,"comments":true,"compact":false,"minified":false,"sourceMap":true,"sourceMaps":true,"sourceMapTarget":"/lib/router.js.map","sourceFileName":"/lib/router.js","babelrc":false,"sourceType":"module","moduleIds":false,"passPerPreset":false,"basename":"router"},"ignored":false,"code":"publicAccessible = FlowRouter.group({});\n\nsignInRequired = FlowRouter.group({\n  triggersEnter: [AccountsTemplates.ensureSignedIn]\n});\n\nsignInRequired.route('/', {\n  name: 'social',\n  action: function () {\n    function action() {\n      BlazeLayout.render('layout', {\n        main: 'social'\n      });\n      setTitle('Social');\n    }\n\n    return action;\n  }()\n});\n\nsignInRequired.route('/reviews', {\n  name: 'reviews',\n  action: function () {\n    function action() {\n      BlazeLayout.render('layout', {\n        main: 'reviews'\n      });\n      setTitle('Reviews');\n    }\n\n    return action;\n  }()\n});\n\nsignInRequired.route('/music', {\n  name: 'music',\n  action: function () {\n    function action() {\n      BlazeLayout.render('layout', {\n        main: 'music'\n      });\n      setTitle('Music');\n    }\n\n    return action;\n  }()\n});\n\nsignInRequired.route('/update-profile', {\n  name: 'updateProfile',\n  action: function () {\n    function action() {\n      BlazeLayout.render('layout', {\n        main: 'updateProfile'\n      });\n      setTitle('Update profile');\n    }\n\n    return action;\n  }()\n});\n\nsignInRequired.route('/users/:_id', {\n  name: 'profile',\n  action: function () {\n    function action() {\n      BlazeLayout.render('layout', {\n        main: 'profile'\n      });\n      setTitle('Profile');\n    }\n\n    return action;\n  }()\n});\n\nsignInRequired.route('/browse-users', {\n  name: 'browseUsers',\n  action: function () {\n    function action() {\n      BlazeLayout.render('layout', {\n        main: 'browseUsers'\n      });\n      setTitle('Browse users');\n    }\n\n    return action;\n  }()\n});\n\nsignInRequired.route('/following', {\n  name: 'following',\n  action: function () {\n    function action() {\n      BlazeLayout.render('layout', {\n        main: 'following'\n      });\n      setTitle('Following');\n    }\n\n    return action;\n  }()\n});\n\nsignInRequired.route('/follower', {\n  name: 'follower',\n  action: function () {\n    function action() {\n      BlazeLayout.render('layout', {\n        main: 'follower'\n      });\n      setTitle('Follower');\n    }\n\n    return action;\n  }()\n});\n\nsignInRequired.route('/messages', {\n  name: 'messages',\n  action: function () {\n    function action() {\n      BlazeLayout.render('layout', {\n        main: 'messages'\n      });\n      setTitle('Messages');\n    }\n\n    return action;\n  }()\n});","ast":null,"map":{"version":3,"sources":["/lib/router.js"],"names":[],"mappings":"AAAA,mBAAmB,WAAW,KAAX,CAAiB,EAAjB,CAAnB;;AAEA,iBAAiB,WAAW,KAAX,CAAiB;AAChC,iBAAe,CAAC,kBAAkB,cAAlB,CAAhB;CADe,CAAjB;;AAIA,eAAe,KAAf,CAAqB,GAArB,EAA0B;AACxB,QAAM,QAAN;AACA;AAAQ,sBAAM;AACZ,kBAAY,MAAZ,CAAmB,QAAnB,EAA6B;AAC3B,cAAM,QAAN;OADF,EADY;AAIZ,eAAS,QAAT,EAJY;KAAN;;;KAAR;CAFF;;AAUA,eAAe,KAAf,CAAqB,UAArB,EAAiC;AAC3B,QAAM,SAAN;AACA;AAAQ,sBAAM;AACd,kBAAY,MAAZ,CAAmB,QAAnB,EAA6B;AAC7B,cAAM,SAAN;OADA,EADc;AAIpB,eAAS,SAAT,EAJoB;KAAN;;;KAAR;CAFN;;AAUA,eAAe,KAAf,CAAqB,QAArB,EAA+B;AACzB,QAAM,OAAN;AACA;AAAQ,sBAAM;AACd,kBAAY,MAAZ,CAAmB,QAAnB,EAA6B;AAC7B,cAAM,OAAN;OADA,EADc;AAIpB,eAAS,OAAT,EAJoB;KAAN;;;KAAR;CAFN;;AAUA,eAAe,KAAf,CAAqB,iBAArB,EAAwC;AACtC,QAAM,eAAN;AACA;AAAQ,sBAAM;AACZ,kBAAY,MAAZ,CAAmB,QAAnB,EAA6B;AAC3B,cAAM,eAAN;OADF,EADY;AAIZ,eAAS,gBAAT,EAJY;KAAN;;;KAAR;CAFF;;AAUA,eAAe,KAAf,CAAqB,aAArB,EAAoC;AAClC,QAAM,SAAN;AACA;AAAQ,sBAAM;AACZ,kBAAY,MAAZ,CAAmB,QAAnB,EAA6B;AAC3B,cAAM,SAAN;OADF,EADY;AAIZ,eAAS,SAAT,EAJY;KAAN;;;KAAR;CAFF;;AAUA,eAAe,KAAf,CAAqB,eAArB,EAAsC;AACpC,QAAM,aAAN;AACA;AAAQ,sBAAM;AACZ,kBAAY,MAAZ,CAAmB,QAAnB,EAA6B;AAC3B,cAAM,aAAN;OADF,EADY;AAIZ,eAAS,cAAT,EAJY;KAAN;;;KAAR;CAFF;;AAUA,eAAe,KAAf,CAAqB,YAArB,EAAmC;AACjC,QAAM,WAAN;AACA;AAAQ,sBAAM;AACZ,kBAAY,MAAZ,CAAmB,QAAnB,EAA6B;AAC3B,cAAM,WAAN;OADF,EADY;AAIZ,eAAS,WAAT,EAJY;KAAN;;;KAAR;CAFF;;AAUA,eAAe,KAAf,CAAqB,WAArB,EAAkC;AAChC,QAAM,UAAN;AACA;AAAQ,sBAAM;AACZ,kBAAY,MAAZ,CAAmB,QAAnB,EAA6B;AAC3B,cAAM,UAAN;OADF,EADY;AAIZ,eAAS,UAAT,EAJY;KAAN;;;KAAR;CAFF;;AAUA,eAAe,KAAf,CAAqB,WAArB,EAAkC;AAChC,QAAM,UAAN;AACA;AAAQ,sBAAM;AACZ,kBAAY,MAAZ,CAAmB,QAAnB,EAA6B;AAC3B,cAAM,UAAN;OADF,EADY;AAIZ,eAAS,UAAT,EAJY;KAAN;;;KAAR;CAFF","file":"/lib/router.js.map","sourcesContent":["publicAccessible = FlowRouter.group({});\n\nsignInRequired = FlowRouter.group({\n  triggersEnter: [AccountsTemplates.ensureSignedIn]\n});\n\nsignInRequired.route('/', {\n  name: 'social',\n  action: () => {\n    BlazeLayout.render('layout', {\n      main: 'social'\n    });\n    setTitle('Social');\n  }\n});\n\nsignInRequired.route('/reviews', {\n      name: 'reviews',\n      action: () => {\n      BlazeLayout.render('layout', {\n      main: 'reviews'\n    });\nsetTitle('Reviews');\n}\n});\n\nsignInRequired.route('/music', {\n      name: 'music',\n      action: () => {\n      BlazeLayout.render('layout', {\n      main: 'music'\n    });\nsetTitle('Music');\n}\n});\n\nsignInRequired.route('/update-profile', {\n  name: 'updateProfile',\n  action: () => {\n    BlazeLayout.render('layout', {\n      main: 'updateProfile'\n    });\n    setTitle('Update profile');\n  }\n});\n\nsignInRequired.route('/users/:_id', {\n  name: 'profile',\n  action: () => {\n    BlazeLayout.render('layout', {\n      main: 'profile'\n    });\n    setTitle('Profile');\n  }\n});\n\nsignInRequired.route('/browse-users', {\n  name: 'browseUsers',\n  action: () => {\n    BlazeLayout.render('layout', {\n      main: 'browseUsers'\n    });\n    setTitle('Browse users');\n  }\n});\n\nsignInRequired.route('/following', {\n  name: 'following',\n  action: () => {\n    BlazeLayout.render('layout', {\n      main: 'following'\n    });\n    setTitle('Following');\n  }\n});\n\nsignInRequired.route('/follower', {\n  name: 'follower',\n  action: () => {\n    BlazeLayout.render('layout', {\n      main: 'follower'\n    });\n    setTitle('Follower');\n  }\n});\n\nsignInRequired.route('/messages', {\n  name: 'messages',\n  action: () => {\n    BlazeLayout.render('layout', {\n      main: 'messages'\n    });\n    setTitle('Messages');\n  }\n});\n"]},"hash":"b5679cec795fe2ff23917867992c4795e99de0c9"}
