{"metadata":{"usedHelpers":["typeof","interopRequireDefault"],"marked":[],"modules":{"imports":[],"exports":{"exported":[],"specifiers":[]}}},"options":{"filename":"/server/publications.js","filenameRelative":"/server/publications.js","env":{},"retainLines":false,"highlightCode":true,"suppressDeprecationMessages":false,"presets":[],"plugins":[[[],null],[[],null],[[],null],[[],null],[[],null],[[],null],[[],null],[[],{"polyfill":false}],[[],null],[[],null],[[],null],[[],null],[[],null],[[],null],[[],null],[[],null],[[],{"loose":true}],[[],{"loose":true}],[[],null],[[],{"loose":true}],[[],null],[[],null],[[],{"allowTopLevelThis":true,"strict":false,"loose":true}],[[],null],[[],null],[[],null],[[],null],[[],null],[[],{"loose":true}],[[],null],[[],null],[[],null],[[],null],[[],null],[[],null],[[],null],[[],null]],"ignore":[],"code":true,"metadata":true,"ast":false,"comments":true,"compact":false,"minified":false,"sourceMap":true,"sourceMaps":true,"sourceMapTarget":"/server/publications.js.map","sourceFileName":"/server/publications.js","babelrc":false,"sourceType":"module","moduleIds":false,"passPerPreset":false,"basename":"publications"},"ignored":false,"code":"var _typeof2 = require('babel-runtime/helpers/typeof');\n\nvar _typeof3 = _interopRequireDefault(_typeof2);\n\nfunction _interopRequireDefault(obj) { return obj && obj.__esModule ? obj : { 'default': obj }; }\n\nMeteor.publish(null, function () {\n  if (this.userId) {\n    return Meteor.users.find({ _id: this.userId }, { fields: { biography: 1, followingIds: 1 } });\n  }\n});\n\nMeteor.publish('userStatus', function () {\n  return Meteor.users.find({ 'status.online': true });\n});\n\nMeteor.publishComposite('posts.all', function (query, filter, limit) {\n  var _this = this;\n\n  check(query, String);\n  check(filter, String);\n  check(limit, Number);\n\n  if (this.userId) {\n    var _ret = function () {\n      var currentUser = Meteor.users.findOne({ _id: _this.userId });\n\n      var parameters = {\n        find: {},\n        options: {}\n      };\n\n      if (filter === 'following') {\n        if (currentUser.followingIds && currentUser.followingIds.length !== 0) {\n          parameters.find.authorId = { $in: currentUser.followingIds };\n        } else {\n          parameters.find.authorId = { $in: [] };\n        }\n      }\n\n      return {\n        v: {\n          find: function () {\n            function find() {\n              if (query) {\n                parameters.find.$text = { $search: query };\n                parameters.options = {\n                  fields: { score: { $meta: 'textScore' } },\n                  sort: { score: { $meta: 'textScore' } },\n                  limit: limit\n                };\n              } else {\n                parameters.options = { sort: { createdAt: -1 }, limit: limit };\n              }\n              Counts.publish(_this, 'posts.all', Posts.find(parameters.find), { noReady: true });\n              return Posts.find(parameters.find, parameters.options);\n            }\n\n            return find;\n          }(),\n          children: [{\n            find: function () {\n              function find(post) {\n                return Meteor.users.find({ _id: post.authorId }, { fields: { emails: 1, username: 1 } });\n              }\n\n              return find;\n            }()\n          }]\n        }\n      };\n    }();\n\n    if ((typeof _ret === 'undefined' ? 'undefined' : (0, _typeof3['default'])(_ret)) === \"object\") return _ret.v;\n  } else {\n    return [];\n  }\n});\n\nMeteor.publishComposite('reviews.all', function (query, filter, limit) {\n  var _this2 = this;\n\n  check(query, String);\n  check(filter, String);\n  check(limit, Number);\n\n  if (this.userId) {\n    var _ret2 = function () {\n      var currentUser = Meteor.users.findOne({ _id: _this2.userId });\n\n      var parameters = {\n        find: {},\n        options: {}\n      };\n\n      if (filter === 'following') {\n        if (currentUser.followingIds && currentUser.followingIds.length !== 0) {\n          parameters.find.authorId = { $in: currentUser.followingIds };\n        } else {\n          parameters.find.authorId = { $in: [] };\n        }\n      }\n\n      return {\n        v: {\n          find: function () {\n            function find() {\n              if (query) {\n                parameters.find.$text = { $search: query };\n                parameters.options = {\n                  fields: { score: { $meta: 'textScore' } },\n                  sort: { score: { $meta: 'textScore' } },\n                  limit: limit\n                };\n              } else {\n                parameters.options = { sort: { createdAt: -1 }, limit: limit };\n              }\n              Counts.publish(_this2, 'reviews.all', Reviews.find(parameters.find), { noReady: true });\n              return Reviews.find(parameters.find, parameters.options);\n            }\n\n            return find;\n          }(),\n          children: [{\n            find: function () {\n              function find(review) {\n                return Meteor.users.find({ _id: review.authorId }, { fields: { emails: 1, username: 1 } });\n              }\n\n              return find;\n            }()\n          }]\n        }\n      };\n    }();\n\n    if ((typeof _ret2 === 'undefined' ? 'undefined' : (0, _typeof3['default'])(_ret2)) === \"object\") return _ret2.v;\n  } else {\n    return [];\n  }\n});\n\nMeteor.publishComposite('users.profile', function (_id, limit) {\n  var _this3 = this;\n\n  check(_id, String);\n  check(limit, Number);\n\n  if (this.userId) {\n    return {\n      find: function () {\n        function find() {\n          return Meteor.users.find({ _id: _id });\n        }\n\n        return find;\n      }(),\n      children: [{\n        find: function () {\n          function find(user) {\n            Counts.publish(_this3, 'users.profile', Posts.find({ authorId: user._id }), { noReady: true });\n            return Posts.find({ authorId: user._id }, { sort: { createdAt: -1 }, limit: limit });\n          }\n\n          return find;\n        }()\n      }]\n    };\n  } else {\n    return [];\n  }\n});\n\nMeteor.publish('users.all', function (query, limit) {\n  check(query, String);\n  check(limit, Number);\n\n  if (this.userId) {\n    if (query) {\n      Counts.publish(this, 'users.all', Meteor.users.find({ $text: { $search: query } }), { noReady: true });\n      return Meteor.users.find({\n        $text: {\n          $search: query\n        }\n      }, {\n        fields: {\n          score: {\n            $meta: 'textScore'\n          }\n        },\n        sort: {\n          score: {\n            $meta: 'textScore'\n          }\n        },\n        limit: limit\n      });\n    } else {\n      Counts.publish(this, 'users.all', Meteor.users.find(), { noReady: true });\n      return Meteor.users.find({}, { sort: { createdAt: -1 }, limit: limit });\n    }\n  } else {\n    return [];\n  }\n});\n\nMeteor.publish('users.following', function () {\n  if (this.userId) {\n    var currentUser = Meteor.users.findOne({ _id: this.userId });\n\n    if (currentUser.followingIds && currentUser.followingIds.length !== 0) {\n      return Meteor.users.find({ _id: { $in: currentUser.followingIds } }, { sort: { username: 1 } });\n    } else {\n      return [];\n    }\n  } else {\n    return [];\n  }\n});\n\nMeteor.publish('users.follower', function () {\n  if (this.userId) {\n    var currentUser = Meteor.users.findOne({ _id: this.userId });\n\n    return Meteor.users.find({ followingIds: { $in: [currentUser._id] } }, { sort: { username: 1 } });\n  } else {\n    return [];\n  }\n});\n\nMeteor.publish('messages.all', function () {\n  if (this.userId) {\n    var currentUser = Meteor.users.findOne({ _id: this.userId });\n\n    return Messages.find({ $or: [{ originatingFromId: currentUser._id }, { originatingToId: currentUser._id }] });\n  } else {\n    return [];\n  }\n});","ast":null,"map":{"version":3,"sources":["/server/publications.js"],"names":[],"mappings":";;;;;;AAAA,OAAO,OAAP,CAAe,IAAf,EAAqB,YAAW;AAC9B,MAAI,KAAK,MAAL,EAAa;AACf,WAAO,OAAO,KAAP,CAAa,IAAb,CAAkB,EAAE,KAAK,KAAK,MAAL,EAAzB,EAAwC,EAAE,QAAQ,EAAE,WAAW,CAAX,EAAc,cAAc,CAAd,EAAxB,EAA1C,CAAP,CADe;GAAjB;CADmB,CAArB;;AAMA,OAAO,OAAP,CAAe,YAAf,EAA6B,YAAW;AACtC,SAAO,OAAO,KAAP,CAAa,IAAb,CAAkB,EAAC,iBAAiB,IAAjB,EAAnB,CAAP,CADsC;CAAX,CAA7B;;AAIA,OAAO,gBAAP,CAAwB,WAAxB,EAAqC,UAAS,KAAT,EAAgB,MAAhB,EAAwB,KAAxB,EAA+B;;;AAClE,QAAM,KAAN,EAAa,MAAb,EADkE;AAElE,QAAM,MAAN,EAAc,MAAd,EAFkE;AAGlE,QAAM,KAAN,EAAa,MAAb,EAHkE;;AAKlE,MAAI,KAAK,MAAL,EAAa;;AACf,UAAI,cAAc,OAAO,KAAP,CAAa,OAAb,CAAqB,EAAE,KAAK,MAAK,MAAL,EAA5B,CAAd;;AAEJ,UAAI,aAAa;AACf,cAAM,EAAN;AACA,iBAAS,EAAT;OAFE;;AAKJ,UAAI,WAAW,WAAX,EAAwB;AAC1B,YAAI,YAAY,YAAZ,IAA4B,YAAY,YAAZ,CAAyB,MAAzB,KAAoC,CAApC,EAAuC;AACrE,qBAAW,IAAX,CAAgB,QAAhB,GAA2B,EAAE,KAAK,YAAY,YAAZ,EAAlC,CADqE;SAAvE,MAEO;AACL,qBAAW,IAAX,CAAgB,QAAhB,GAA2B,EAAE,KAAK,EAAL,EAA7B,CADK;SAFP;OADF;;AAQA;WAAO;AACL;AAAM,4BAAM;AACV,kBAAI,KAAJ,EAAW;AACT,2BAAW,IAAX,CAAgB,KAAhB,GAAwB,EAAE,SAAS,KAAT,EAA1B,CADS;AAET,2BAAW,OAAX,GAAqB;AACnB,0BAAQ,EAAE,OAAO,EAAE,OAAO,WAAP,EAAT,EAAV;AACA,wBAAM,EAAE,OAAO,EAAE,OAAO,WAAP,EAAT,EAAR;AACA,yBAAO,KAAP;iBAHF,CAFS;eAAX,MAOO;AACL,2BAAW,OAAX,GAAqB,EAAE,MAAM,EAAE,WAAW,CAAC,CAAD,EAAnB,EAAyB,OAAO,KAAP,EAAhD,CADK;eAPP;AAUA,qBAAO,OAAP,QAAqB,WAArB,EAAkC,MAAM,IAAN,CAAW,WAAW,IAAX,CAA7C,EAA+D,EAAE,SAAS,IAAT,EAAjE,EAXU;AAYV,qBAAO,MAAM,IAAN,CAAW,WAAW,IAAX,EAAiB,WAAW,OAAX,CAAnC,CAZU;aAAN;;;aAAN;AAcA,oBAAU,CACR;AACE;AAAM,4BAAC,IAAD,EAAU;AACd,uBAAO,OAAO,KAAP,CAAa,IAAb,CAAkB,EAAE,KAAK,KAAK,QAAL,EAAzB,EAA0C,EAAE,QAAQ,EAAE,QAAQ,CAAR,EAAW,UAAU,CAAV,EAArB,EAA5C,CAAP,CADc;eAAV;;;eAAN;WAFM,CAAV;;OAfF;QAhBe;;;GAAjB,MAuCO;AACL,WAAO,EAAP,CADK;GAvCP;CALmC,CAArC;;AAiDA,OAAO,gBAAP,CAAwB,aAAxB,EAAuC,UAAS,KAAT,EAAgB,MAAhB,EAAwB,KAAxB,EAA+B;;;AACpE,QAAM,KAAN,EAAa,MAAb,EADoE;AAEpE,QAAM,MAAN,EAAc,MAAd,EAFoE;AAGpE,QAAM,KAAN,EAAa,MAAb,EAHoE;;AAKpE,MAAI,KAAK,MAAL,EAAa;;AACf,UAAI,cAAc,OAAO,KAAP,CAAa,OAAb,CAAqB,EAAE,KAAK,OAAK,MAAL,EAA5B,CAAd;;AAEJ,UAAI,aAAa;AACf,cAAM,EAAN;AACA,iBAAS,EAAT;OAFE;;AAKJ,UAAI,WAAW,WAAX,EAAwB;AAC1B,YAAI,YAAY,YAAZ,IAA4B,YAAY,YAAZ,CAAyB,MAAzB,KAAoC,CAApC,EAAuC;AACrE,qBAAW,IAAX,CAAgB,QAAhB,GAA2B,EAAE,KAAK,YAAY,YAAZ,EAAlC,CADqE;SAAvE,MAEO;AACL,qBAAW,IAAX,CAAgB,QAAhB,GAA2B,EAAE,KAAK,EAAL,EAA7B,CADK;SAFP;OADF;;AAQA;WAAO;AACD;AAAM,4BAAM;AACZ,kBAAI,KAAJ,EAAW;AACT,2BAAW,IAAX,CAAgB,KAAhB,GAAwB,EAAE,SAAS,KAAT,EAA1B,CADS;AAET,2BAAW,OAAX,GAAqB;AACnB,0BAAQ,EAAE,OAAO,EAAE,OAAO,WAAP,EAAT,EAAV;AACA,wBAAM,EAAE,OAAO,EAAE,OAAO,WAAP,EAAT,EAAR;AACA,yBAAO,KAAP;iBAHF,CAFS;eAAX,MAOO;AACL,2BAAW,OAAX,GAAqB,EAAE,MAAM,EAAE,WAAW,CAAC,CAAD,EAAnB,EAAyB,OAAO,KAAP,EAAhD,CADK;eAPP;AAUN,qBAAO,OAAP,SAAqB,aAArB,EAAoC,QAAQ,IAAR,CAAa,WAAW,IAAX,CAAjD,EAAmE,EAAE,SAAS,IAAT,EAArE,EAXkB;AAYlB,qBAAO,QAAQ,IAAR,CAAa,WAAW,IAAX,EAAiB,WAAW,OAAX,CAArC,CAZkB;aAAN;;;aAAN;AAcN,oBAAU,CACR;AACE;AAAM,4BAAC,MAAD,EAAY;AAClB,uBAAO,OAAO,KAAP,CAAa,IAAb,CAAkB,EAAE,KAAK,OAAO,QAAP,EAAzB,EAA4C,EAAE,QAAQ,EAAE,QAAQ,CAAR,EAAW,UAAU,CAAV,EAArB,EAA9C,CAAP,CADkB;eAAZ;;;eAAN;WAFM,CAAV;;OAfA;QAhBe;;;GAAjB,MAuCO;AACL,WAAO,EAAP,CADK;GAvCP;CALqC,CAAvC;;AAiDA,OAAO,gBAAP,CAAwB,eAAxB,EAAyC,UAAS,GAAT,EAAc,KAAd,EAAqB;;;AAC5D,QAAM,GAAN,EAAW,MAAX,EAD4D;AAE5D,QAAM,KAAN,EAAa,MAAb,EAF4D;;AAI5D,MAAI,KAAK,MAAL,EAAa;AACf,WAAO;AACL;AAAM,wBAAM;AACV,iBAAO,OAAO,KAAP,CAAa,IAAb,CAAkB,EAAE,KAAK,GAAL,EAApB,CAAP,CADU;SAAN;;;SAAN;AAGA,gBAAU,CACR;AACE;AAAM,wBAAC,IAAD,EAAU;AACd,mBAAO,OAAP,SAAqB,eAArB,EAAsC,MAAM,IAAN,CAAW,EAAE,UAAU,KAAK,GAAL,EAAvB,CAAtC,EAA0E,EAAE,SAAS,IAAT,EAA5E,EADc;AAEd,mBAAO,MAAM,IAAN,CAAW,EAAE,UAAU,KAAK,GAAL,EAAvB,EAAmC,EAAE,MAAM,EAAE,WAAW,CAAC,CAAD,EAAnB,EAAyB,OAAO,KAAP,EAA9D,CAAP,CAFc;WAAV;;;WAAN;OAFM,CAAV;KAJF,CADe;GAAjB,MAcO;AACL,WAAO,EAAP,CADK;GAdP;CAJuC,CAAzC;;AAuBA,OAAO,OAAP,CAAe,WAAf,EAA4B,UAAS,KAAT,EAAgB,KAAhB,EAAuB;AACjD,QAAM,KAAN,EAAa,MAAb,EADiD;AAEjD,QAAM,KAAN,EAAa,MAAb,EAFiD;;AAIjD,MAAI,KAAK,MAAL,EAAa;AACf,QAAI,KAAJ,EAAW;AACT,aAAO,OAAP,CAAe,IAAf,EAAqB,WAArB,EAAkC,OAAO,KAAP,CAAa,IAAb,CAAkB,EAAE,OAAO,EAAE,SAAS,KAAT,EAAT,EAApB,CAAlC,EAAoF,EAAE,SAAS,IAAT,EAAtF,EADS;AAET,aAAO,OAAO,KAAP,CAAa,IAAb,CACL;AACE,eAAO;AACL,mBAAS,KAAT;SADF;OAFG,EAML;AACE,gBAAQ;AACN,iBAAO;AACL,mBAAO,WAAP;WADF;SADF;AAKA,cAAM;AACJ,iBAAO;AACL,mBAAO,WAAP;WADF;SADF;AAKA,eAAO,KAAP;OAjBG,CAAP,CAFS;KAAX,MAsBO;AACL,aAAO,OAAP,CAAe,IAAf,EAAqB,WAArB,EAAkC,OAAO,KAAP,CAAa,IAAb,EAAlC,EAAuD,EAAE,SAAS,IAAT,EAAzD,EADK;AAEL,aAAO,OAAO,KAAP,CAAa,IAAb,CAAkB,EAAlB,EAAsB,EAAE,MAAM,EAAE,WAAW,CAAC,CAAD,EAAnB,EAAyB,OAAO,KAAP,EAAjD,CAAP,CAFK;KAtBP;GADF,MA2BO;AACL,WAAO,EAAP,CADK;GA3BP;CAJ0B,CAA5B;;AAoCA,OAAO,OAAP,CAAe,iBAAf,EAAkC,YAAW;AAC3C,MAAI,KAAK,MAAL,EAAa;AACf,QAAI,cAAc,OAAO,KAAP,CAAa,OAAb,CAAqB,EAAE,KAAK,KAAK,MAAL,EAA5B,CAAd,CADW;;AAGf,QAAI,YAAY,YAAZ,IAA4B,YAAY,YAAZ,CAAyB,MAAzB,KAAoC,CAApC,EAAuC;AACrE,aAAO,OAAO,KAAP,CAAa,IAAb,CAAkB,EAAE,KAAK,EAAE,KAAK,YAAY,YAAZ,EAAZ,EAApB,EAA8D,EAAE,MAAM,EAAE,UAAU,CAAV,EAAR,EAAhE,CAAP,CADqE;KAAvE,MAEO;AACL,aAAO,EAAP,CADK;KAFP;GAHF,MAQO;AACL,WAAO,EAAP,CADK;GARP;CADgC,CAAlC;;AAcA,OAAO,OAAP,CAAe,gBAAf,EAAiC,YAAW;AAC1C,MAAI,KAAK,MAAL,EAAa;AACf,QAAI,cAAc,OAAO,KAAP,CAAa,OAAb,CAAqB,EAAE,KAAK,KAAK,MAAL,EAA5B,CAAd,CADW;;AAGf,WAAO,OAAO,KAAP,CAAa,IAAb,CAAkB,EAAE,cAAc,EAAE,KAAK,CAAC,YAAY,GAAZ,CAAN,EAAhB,EAApB,EAAgE,EAAE,MAAM,EAAE,UAAU,CAAV,EAAR,EAAlE,CAAP,CAHe;GAAjB,MAIO;AACL,WAAO,EAAP,CADK;GAJP;CAD+B,CAAjC;;AAUA,OAAO,OAAP,CAAe,cAAf,EAA+B,YAAW;AACxC,MAAI,KAAK,MAAL,EAAa;AACf,QAAI,cAAc,OAAO,KAAP,CAAa,OAAb,CAAqB,EAAC,KAAK,KAAK,MAAL,EAA3B,CAAd,CADW;;AAGf,WAAO,SAAS,IAAT,CAAc,EAAE,KAAK,CAAC,EAAE,mBAAmB,YAAY,GAAZ,EAAtB,EAAyC,EAAC,iBAAiB,YAAY,GAAZ,EAA3D,CAAL,EAAhB,CAAP,CAHe;GAAjB,MAIO;AACL,WAAO,EAAP,CADK;GAJP;CAD6B,CAA/B","file":"/server/publications.js.map","sourcesContent":["Meteor.publish(null, function() {\n  if (this.userId) {\n    return Meteor.users.find({ _id: this.userId }, { fields: { biography: 1, followingIds: 1 } });\n  }\n});\n\nMeteor.publish('userStatus', function() {\n  return Meteor.users.find({'status.online': true });\n});\n\nMeteor.publishComposite('posts.all', function(query, filter, limit) {\n  check(query, String);\n  check(filter, String);\n  check(limit, Number);\n\n  if (this.userId) {\n    let currentUser = Meteor.users.findOne({ _id: this.userId });\n\n    let parameters = {\n      find: {},\n      options: {}\n    };\n\n    if (filter === 'following') {\n      if (currentUser.followingIds && currentUser.followingIds.length !== 0) {\n        parameters.find.authorId = { $in: currentUser.followingIds };\n      } else {\n        parameters.find.authorId = { $in: [] };\n      }\n    }\n\n    return {\n      find: () => {\n        if (query) {\n          parameters.find.$text = { $search: query };\n          parameters.options = {\n            fields: { score: { $meta: 'textScore' } },\n            sort: { score: { $meta: 'textScore' } },\n            limit: limit\n          };\n        } else {\n          parameters.options = { sort: { createdAt: -1 }, limit: limit };\n        }\n        Counts.publish(this, 'posts.all', Posts.find(parameters.find), { noReady: true });\n        return Posts.find(parameters.find, parameters.options);\n      },\n      children: [\n        {\n          find: (post) => {\n            return Meteor.users.find({ _id: post.authorId }, { fields: { emails: 1, username: 1 } });\n          }\n        }\n      ]\n    };\n  } else {\n    return [];\n  }\n});\n\nMeteor.publishComposite('reviews.all', function(query, filter, limit) {\n  check(query, String);\n  check(filter, String);\n  check(limit, Number);\n\n  if (this.userId) {\n    let currentUser = Meteor.users.findOne({ _id: this.userId });\n\n    let parameters = {\n      find: {},\n      options: {}\n    };\n\n    if (filter === 'following') {\n      if (currentUser.followingIds && currentUser.followingIds.length !== 0) {\n        parameters.find.authorId = { $in: currentUser.followingIds };\n      } else {\n        parameters.find.authorId = { $in: [] };\n      }\n    }\n\n    return {\n          find: () => {\n          if (query) {\n            parameters.find.$text = { $search: query };\n            parameters.options = {\n              fields: { score: { $meta: 'textScore' } },\n              sort: { score: { $meta: 'textScore' } },\n              limit: limit\n            };\n          } else {\n            parameters.options = { sort: { createdAt: -1 }, limit: limit };\n  }\n    Counts.publish(this, 'reviews.all', Reviews.find(parameters.find), { noReady: true });\n    return Reviews.find(parameters.find, parameters.options);\n  },\n    children: [\n      {\n        find: (review) => {\n        return Meteor.users.find({ _id: review.authorId }, { fields: { emails: 1, username: 1 } });\n  }\n  }\n  ]\n  };\n  } else {\n    return [];\n  }\n});\n\nMeteor.publishComposite('users.profile', function(_id, limit) {\n  check(_id, String);\n  check(limit, Number);\n\n  if (this.userId) {\n    return {\n      find: () => {\n        return Meteor.users.find({ _id: _id });\n      },\n      children: [\n        {\n          find: (user) => {\n            Counts.publish(this, 'users.profile', Posts.find({ authorId: user._id }), { noReady: true });\n            return Posts.find({ authorId: user._id }, { sort: { createdAt: -1 }, limit: limit });\n          }\n        }\n      ]\n    };\n  } else {\n    return [];\n  }\n});\n\nMeteor.publish('users.all', function(query, limit) {\n  check(query, String);\n  check(limit, Number);\n\n  if (this.userId) {\n    if (query) {\n      Counts.publish(this, 'users.all', Meteor.users.find({ $text: { $search: query } }), { noReady: true });\n      return Meteor.users.find(\n        {\n          $text: {\n            $search: query\n          }\n        },\n        {\n          fields: {\n            score: {\n              $meta: 'textScore'\n            }\n          },\n          sort: {\n            score: {\n              $meta: 'textScore'\n            }\n          },\n          limit: limit\n        }\n      );\n    } else {\n      Counts.publish(this, 'users.all', Meteor.users.find(), { noReady: true });\n      return Meteor.users.find({}, { sort: { createdAt: -1 }, limit: limit });\n    }\n  } else {\n    return [];\n  }\n});\n\nMeteor.publish('users.following', function() {\n  if (this.userId) {\n    let currentUser = Meteor.users.findOne({ _id: this.userId });\n\n    if (currentUser.followingIds && currentUser.followingIds.length !== 0) {\n      return Meteor.users.find({ _id: { $in: currentUser.followingIds } }, { sort: { username: 1 } });\n    } else {\n      return [];\n    }\n  } else {\n    return [];\n  }\n});\n\nMeteor.publish('users.follower', function() {\n  if (this.userId) {\n    let currentUser = Meteor.users.findOne({ _id: this.userId });\n\n    return Meteor.users.find({ followingIds: { $in: [currentUser._id] } }, { sort: { username: 1 } });\n  } else {\n    return [];\n  }\n});\n\nMeteor.publish('messages.all', function() {\n  if (this.userId) {\n    let currentUser = Meteor.users.findOne({_id: this.userId});\n\n    return Messages.find({ $or: [{ originatingFromId: currentUser._id }, {originatingToId: currentUser._id }] });\n  } else {\n    return [];\n  }\n});\n"]},"hash":"b8ac7c258587132cb6d50297f775d47ebf964196"}
