{"metadata":{"usedHelpers":[],"marked":[],"modules":{"imports":[],"exports":{"exported":[],"specifiers":[]}}},"options":{"filename":"/client/views/shared/_navigation.js","filenameRelative":"/client/views/shared/_navigation.js","env":{},"retainLines":false,"highlightCode":true,"suppressDeprecationMessages":false,"presets":[],"plugins":[[[],null],[[],null],[[],null],[[],null],[[],null],[[],null],[[],null],[[],{"polyfill":false}],[[],null],[[],null],[[],null],[[],null],[[],null],[[],null],[[],null],[[],null],[[],{"loose":true}],[[],{"loose":true}],[[],null],[[],{"loose":true}],[[],null],[[],null],[[],{"allowTopLevelThis":true,"strict":false,"loose":true}],[[],null],[[],null],[[],null],[[],null],[[],null],[[],{"loose":true}],[[],null],[[],null],[[],null],[[],null],[[],null],[[],null],[[],null],[[],null]],"ignore":[],"code":true,"metadata":true,"ast":false,"comments":true,"compact":false,"minified":false,"sourceMap":true,"sourceMaps":true,"sourceMapTarget":"/client/views/shared/_navigation.js.map","sourceFileName":"/client/views/shared/_navigation.js","babelrc":false,"sourceType":"module","moduleIds":false,"passPerPreset":false,"basename":"_navigation"},"ignored":false,"code":"/* On navigation template created */\nTemplate.navigation.onCreated(function () {\n  var _this = this;\n\n  this.autorun(function () {\n    // Set subscriptions\n    _this.subscribe('messages.all');\n  });\n});\n\nTemplate.navigation.helpers({\n  activeIfRouteNameIs: function () {\n    function activeIfRouteNameIs(routeName) {\n      if (FlowRouter.getRouteName() === routeName) {\n        return 'active';\n      }\n      return '';\n    }\n\n    return activeIfRouteNameIs;\n  }(),\n  getUnreadCount: function () {\n    function getUnreadCount() {\n      var unreadMessageCount = 0;\n      var messages = Messages.find({ $or: [{ originatingFromId: Meteor.userId(), 'conversation.originatingFromDeleted': false }, { originatingToId: Meteor.userId(), 'conversation.originatingToDeleted': false }] }).forEach(function (msg) {\n        for (var x = 0; x < msg.conversation.length; x++) {\n          if (msg.conversation[x].to.userId === Meteor.userId() && !msg.conversation[x].to.read) {\n            unreadMessageCount++;\n          }\n        }\n      });\n\n      if (unreadMessageCount > 0) {\n        return '(' + unreadMessageCount + ')';\n      } else {\n        return '';\n      }\n    }\n\n    return getUnreadCount;\n  }()\n});","ast":null,"map":{"version":3,"sources":["/client/views/shared/_navigation.js"],"names":[],"mappings":";AACA,SAAS,UAAT,CAAoB,SAApB,CAA8B,YAAW;;;AACvC,OAAK,OAAL,CAAa,YAAM;;AAEjB,UAAK,SAAL,CAAe,cAAf,EAFiB;GAAN,CAAb,CADuC;CAAX,CAA9B;;AAOA,SAAS,UAAT,CAAoB,OAApB,CAA4B;AAC1B;AAAqB,iCAAC,SAAD,EAAe;AAClC,UAAI,WAAW,YAAX,OAA8B,SAA9B,EAAyC;AAC3C,eAAO,QAAP,CAD2C;OAA7C;AAGA,aAAO,EAAP,CAJkC;KAAf;;;KAArB;AAMA;AAAgB,8BAAM;AACpB,UAAI,qBAAqB,CAArB,CADgB;AAEpB,UAAI,WAAW,SAAS,IAAT,CAAc,EAAC,KAAK,CAAC,EAAE,mBAAmB,OAAO,MAAP,EAAnB,EAAoC,uCAAuC,KAAvC,EAAvC,EAAuF,EAAC,iBAAiB,OAAO,MAAP,EAAjB,EAAkC,qCAAqC,KAArC,EAA1H,CAAL,EAAf,EAA6L,OAA7L,CAAqM,UAAS,GAAT,EAAc;AAChO,aAAK,IAAI,IAAI,CAAJ,EAAO,IAAI,IAAI,YAAJ,CAAiB,MAAjB,EAAyB,GAA7C,EAAkD;AAChD,cAAI,IAAI,YAAJ,CAAiB,CAAjB,EAAoB,EAApB,CAAuB,MAAvB,KAAkC,OAAO,MAAP,EAAlC,IAAqD,CAAC,IAAI,YAAJ,CAAiB,CAAjB,EAAoB,EAApB,CAAuB,IAAvB,EAA6B;AACrF,iCADqF;WAAvF;SADF;OADkN,CAAhN,CAFgB;;AAUpB,UAAI,qBAAqB,CAArB,EAAwB;AAC1B,eAAQ,MAAM,kBAAN,GAA2B,GAA3B,CADkB;OAA5B,MAEO;AACL,eAAO,EAAP,CADK;OAFP;KAVc;;;KAAhB;CAPF","file":"/client/views/shared/_navigation.js.map","sourcesContent":["/* On navigation template created */\nTemplate.navigation.onCreated(function() {\n  this.autorun(() => {\n    // Set subscriptions\n    this.subscribe('messages.all');\n  });\n});\n\nTemplate.navigation.helpers({\n  activeIfRouteNameIs: (routeName) => {\n    if (FlowRouter.getRouteName() === routeName) {\n      return 'active';\n    }\n    return '';\n  },\n  getUnreadCount: () => {\n    let unreadMessageCount = 0;\n    let messages = Messages.find({$or: [{ originatingFromId: Meteor.userId(), 'conversation.originatingFromDeleted': false }, {originatingToId: Meteor.userId(), 'conversation.originatingToDeleted': false}]}).forEach(function(msg) {\n      for (let x = 0; x < msg.conversation.length; x++) {\n        if (msg.conversation[x].to.userId === Meteor.userId() && !msg.conversation[x].to.read) {\n          unreadMessageCount++;\n        }\n      }\n    });\n\n    if (unreadMessageCount > 0) {\n      return ('(' + unreadMessageCount + ')');\n    } else {\n      return '';\n    }\n  }\n});\n"]},"hash":"bb3120aa477feb78ca0a785879ce9a189cc5c490"}
