{"metadata":{"usedHelpers":[],"marked":[],"modules":{"imports":[],"exports":{"exported":[],"specifiers":[]}}},"options":{"filename":"/client/views/shared/review.js","filenameRelative":"/client/views/shared/review.js","env":{},"retainLines":false,"highlightCode":true,"suppressDeprecationMessages":false,"presets":[],"plugins":[[[],null],[[],null],[[],null],[[],null],[[],null],[[],null],[[],null],[[],{"polyfill":false}],[[],null],[[],null],[[],null],[[],null],[[],null],[[],null],[[],null],[[],null],[[],{"loose":true}],[[],{"loose":true}],[[],null],[[],{"loose":true}],[[],null],[[],null],[[],{"allowTopLevelThis":true,"strict":false,"loose":true}],[[],null],[[],null],[[],null],[[],null],[[],null],[[],{"loose":true}],[[],null],[[],null],[[],null],[[],null],[[],null],[[],null],[[],null],[[],null]],"ignore":[],"code":true,"metadata":true,"ast":false,"comments":true,"compact":false,"minified":false,"sourceMap":true,"sourceMaps":true,"sourceMapTarget":"/client/views/shared/review.js.map","sourceFileName":"/client/views/shared/review.js","babelrc":false,"sourceType":"module","moduleIds":false,"passPerPreset":false,"basename":"review"},"ignored":false,"code":"Template.review.events({\n    'click [data-id=remove-review]': function () {\n        function clickDataIdRemoveReview(event, template) {\n            var self = this;\n\n            // Sweet Alert delete confirmation\n            swal({\n                title: 'Delete review?',\n                text: 'Are you sure that you want to delete this review?',\n                type: 'error',\n                showCancelButton: true,\n                closeOnConfirm: true,\n                cancelButtonText: 'No',\n                confirmButtonText: 'Yes, delete it!',\n                confirmButtonColor: '#da5347'\n            }, function () {\n                Meteor.call('reviews.remove', self._id, function (error, result) {\n                    if (error) {\n                        Bert.alert(error.reason, 'danger', 'growl-top-right');\n                    } else {\n                        Bert.alert('Review successfully removed', 'success', 'growl-top-right');\n                    }\n                });\n            });\n        }\n\n        return clickDataIdRemoveReview;\n    }()\n});\n\nTemplate.review.helpers({\n    author: function () {\n        function author() {\n            return Meteor.users.findOne({ _id: this.authorId });\n        }\n\n        return author;\n    }(),\n\n    belongsReviewToUser: function () {\n        function belongsReviewToUser() {\n            return this.authorId === Meteor.userId();\n        }\n\n        return belongsReviewToUser;\n    }(),\n    formatDate: function () {\n        function formatDate(date) {\n            var currDate = moment(new Date()),\n                msgDate = moment(new Date(date));\n\n            var diff = currDate.diff(msgDate, 'days');\n\n            if (diff === 0 && currDate.day() === msgDate.day()) {\n                var hourDiff = currDate.diff(msgDate, 'hours'),\n                    minDiff = currDate.diff(msgDate, 'minutes');\n                if (hourDiff > 0) {\n                    if (hourDiff === 1) {\n                        return hourDiff + ' hr';\n                    } else {\n                        return hourDiff + ' hrs';\n                    }\n                } else if (minDiff > 0) {\n                    if (minDiff === 1) {\n                        return minDiff + ' min';\n                    } else {\n                        return minDiff + ' mins';\n                    }\n                } else {\n                    return 'Just now';\n                }\n            } else if (diff <= 1 && currDate.day() !== msgDate.day()) {\n                return 'Yesterday at ' + moment(date).format('h:mm a');\n            } else {\n                if (currDate.year() !== msgDate.year()) {\n                    return moment(date).format('MMMM DD, YYYY');\n                } else {\n                    return moment(date).format('MMMM DD') + ' at ' + moment(date).format('h:mm a');\n                }\n            }\n        }\n\n        return formatDate;\n    }()\n});","ast":null,"map":{"version":3,"sources":["/client/views/shared/review.js"],"names":[],"mappings":"AAAA,SAAS,MAAT,CAAgB,MAAhB,CAAuB;AACnB;AAAiC,yCAAS,KAAT,EAAgB,QAAhB,EAA0B;AACvD,gBAAI,OAAO,IAAP;;;AADmD,gBAIvD,CAAK;AACD,uBAAO,gBAAP;AACA,sBAAM,mDAAN;AACA,sBAAM,OAAN;AACA,kCAAkB,IAAlB;AACA,gCAAgB,IAAhB;AACA,kCAAkB,IAAlB;AACA,mCAAmB,iBAAnB;AACA,oCAAoB,SAApB;aARJ,EASG,YAAW;AACV,uBAAO,IAAP,CAAY,gBAAZ,EAA8B,KAAK,GAAL,EAAU,UAAC,KAAD,EAAQ,MAAR,EAAmB;AACvD,wBAAI,KAAJ,EAAW;AACP,6BAAK,KAAL,CAAW,MAAM,MAAN,EAAc,QAAzB,EAAmC,iBAAnC,EADO;qBAAX,MAEO;AACH,6BAAK,KAAL,CAAW,6BAAX,EAA0C,SAA1C,EAAqD,iBAArD,EADG;qBAFP;iBADoC,CAAxC,CADU;aAAX,CATH,CAJuD;SAA1B;;;OAAjC;CADJ;;AA0BA,SAAS,MAAT,CAAgB,OAAhB,CAAwB;AACpB;AAAQ,0BAAW;AACf,mBAAO,OAAO,KAAP,CAAa,OAAb,CAAqB,EAAE,KAAK,KAAK,QAAL,EAA5B,CAAP,CADe;SAAX;;;OAAR;;AAIA;AAAqB,uCAAW;AAC5B,mBAAO,KAAK,QAAL,KAAkB,OAAO,MAAP,EAAlB,CADqB;SAAX;;;OAArB;AAGA;AAAY,4BAAS,IAAT,EAAe;AACvB,gBAAI,WAAW,OAAO,IAAI,IAAJ,EAAP,CAAX;gBACA,UAAU,OAAO,IAAI,IAAJ,CAAS,IAAT,CAAP,CAAV,CAFmB;;AAIvB,gBAAI,OAAO,SAAS,IAAT,CAAc,OAAd,EAAuB,MAAvB,CAAP,CAJmB;;AAMvB,gBAAI,SAAS,CAAT,IAAc,SAAS,GAAT,OAAmB,QAAQ,GAAR,EAAnB,EAAkC;AAChD,oBAAI,WAAW,SAAS,IAAT,CAAc,OAAd,EAAuB,OAAvB,CAAX;oBACA,UAAU,SAAS,IAAT,CAAc,OAAd,EAAuB,SAAvB,CAAV,CAF4C;AAGhD,oBAAI,WAAW,CAAX,EAAc;AACd,wBAAI,aAAa,CAAb,EAAgB;AAChB,+BAAQ,WAAW,KAAX,CADQ;qBAApB,MAEO;AACH,+BAAQ,WAAW,MAAX,CADL;qBAFP;iBADJ,MAMO,IAAI,UAAU,CAAV,EAAa;AACpB,wBAAI,YAAY,CAAZ,EAAe;AACf,+BAAQ,UAAU,MAAV,CADO;qBAAnB,MAEO;AACH,+BAAQ,UAAU,OAAV,CADL;qBAFP;iBADG,MAMA;AACH,2BAAO,UAAP,CADG;iBANA;aATX,MAkBO,IAAI,QAAQ,CAAR,IAAa,SAAS,GAAT,OAAmB,QAAQ,GAAR,EAAnB,EAAkC;AACtD,uBAAQ,kBAAkB,OAAO,IAAP,EAAa,MAAb,CAAoB,QAApB,CAAlB,CAD8C;aAAnD,MAEA;AACH,oBAAI,SAAS,IAAT,OAAoB,QAAQ,IAAR,EAApB,EAAoC;AACpC,2BAAO,OAAO,IAAP,EAAa,MAAb,CAAoB,eAApB,CAAP,CADoC;iBAAxC,MAEO;AACH,2BAAQ,OAAO,IAAP,EAAa,MAAb,CAAoB,SAApB,IAAiC,MAAjC,GAA0C,OAAO,IAAP,EAAa,MAAb,CAAoB,QAApB,CAA1C,CADL;iBAFP;aAHG;SAxBC;;;OAAZ;CARJ","file":"/client/views/shared/review.js.map","sourcesContent":["Template.review.events({\r\n    'click [data-id=remove-review]': function(event, template) {\r\n        let self = this;\r\n\r\n        // Sweet Alert delete confirmation\r\n        swal({\r\n            title: 'Delete review?',\r\n            text: 'Are you sure that you want to delete this review?',\r\n            type: 'error',\r\n            showCancelButton: true,\r\n            closeOnConfirm: true,\r\n            cancelButtonText: 'No',\r\n            confirmButtonText: 'Yes, delete it!',\r\n            confirmButtonColor: '#da5347'\r\n        }, function() {\r\n            Meteor.call('reviews.remove', self._id, (error, result) => {\r\n                if (error) {\r\n                    Bert.alert(error.reason, 'danger', 'growl-top-right');\r\n                } else {\r\n                    Bert.alert('Review successfully removed', 'success', 'growl-top-right');\r\n        }\r\n        });\r\n        });\r\n    }\r\n});\r\n\r\nTemplate.review.helpers({\r\n    author: function() {\r\n        return Meteor.users.findOne({ _id: this.authorId });\r\n    },\r\n\r\n    belongsReviewToUser: function() {\r\n        return this.authorId === Meteor.userId();\r\n    },\r\n    formatDate: function(date) {\r\n        let currDate = moment(new Date()),\r\n            msgDate = moment(new Date(date));\r\n\r\n        let diff = currDate.diff(msgDate, 'days');\r\n\r\n        if (diff === 0 && currDate.day() === msgDate.day()) {\r\n            let hourDiff = currDate.diff(msgDate, 'hours'),\r\n                minDiff = currDate.diff(msgDate, 'minutes');\r\n            if (hourDiff > 0) {\r\n                if (hourDiff === 1) {\r\n                    return (hourDiff + ' hr');\r\n                } else {\r\n                    return (hourDiff + ' hrs');\r\n                }\r\n            } else if (minDiff > 0) {\r\n                if (minDiff === 1) {\r\n                    return (minDiff + ' min');\r\n                } else {\r\n                    return (minDiff + ' mins');\r\n                }\r\n            } else {\r\n                return 'Just now';\r\n            }\r\n        } else if (diff <= 1 && currDate.day() !== msgDate.day()) {\r\n            return ('Yesterday at ' + moment(date).format('h:mm a'));\r\n        } else {\r\n            if (currDate.year() !== msgDate.year()) {\r\n                return moment(date).format('MMMM DD, YYYY');\r\n            } else {\r\n                return (moment(date).format('MMMM DD') + ' at ' + moment(date).format('h:mm a'));\r\n            }\r\n        }\r\n    }\r\n});\r\n"]},"hash":"d518f8082fe029511edc683cbed3e62776590649"}
