{"metadata":{"usedHelpers":[],"marked":[],"modules":{"imports":[],"exports":{"exported":[],"specifiers":[]}}},"options":{"filename":"/client/views/header.js","filenameRelative":"/client/views/header.js","env":{},"retainLines":false,"highlightCode":true,"suppressDeprecationMessages":false,"presets":[],"plugins":[[[],null],[[],null],[[],null],[[],null],[[],null],[[],null],[[],null],[[],{"polyfill":false}],[[],null],[[],null],[[],null],[[],null],[[],null],[[],null],[[],null],[[],null],[[],{"loose":true}],[[],{"loose":true}],[[],null],[[],{"loose":true}],[[],null],[[],null],[[],{"allowTopLevelThis":true,"strict":false,"loose":true}],[[],null],[[],null],[[],null],[[],null],[[],null],[[],{"loose":true}],[[],null],[[],null],[[],null],[[],null],[[],null],[[],null],[[],null],[[],null]],"ignore":[],"code":true,"metadata":true,"ast":false,"comments":true,"compact":false,"minified":false,"sourceMap":true,"sourceMaps":true,"sourceMapTarget":"/client/views/header.js.map","sourceFileName":"/client/views/header.js","babelrc":false,"sourceType":"module","moduleIds":false,"passPerPreset":false,"basename":"header"},"ignored":false,"code":"Template.header.events({\n  'click [data-id=sign-out]': function () {\n    function clickDataIdSignOut() {\n      Meteor.logout(function (error) {\n        if (error) {\n          alert(error.reason);\n        } else {\n          FlowRouter.go('/sign-in');\n        }\n      });\n    }\n\n    return clickDataIdSignOut;\n  }()\n});","ast":null,"map":{"version":3,"sources":["/client/views/header.js"],"names":[],"mappings":"AAAA,SAAS,MAAT,CAAgB,MAAhB,CAAuB;AACrB;AAA4B,kCAAW;AACrC,aAAO,MAAP,CAAc,UAAS,KAAT,EAAgB;AAC5B,YAAI,KAAJ,EAAW;AACT,gBAAM,MAAM,MAAN,CAAN,CADS;SAAX,MAEO;AACL,qBAAW,EAAX,CAAc,UAAd,EADK;SAFP;OADY,CAAd,CADqC;KAAX;;;KAA5B;CADF","file":"/client/views/header.js.map","sourcesContent":["Template.header.events({\n  'click [data-id=sign-out]': function() {\n    Meteor.logout(function(error) {\n      if (error) {\n        alert(error.reason);\n      } else {\n        FlowRouter.go('/sign-in');\n      }\n    });\n  }\n});\n"]},"hash":"d64a8b4a883bfd6cc167434c66f6e8ae19618214"}
