{"metadata":{"usedHelpers":[],"marked":[],"modules":{"imports":[],"exports":{"exported":[],"specifiers":[]}}},"options":{"filename":"/client/lib/spacebars.js","filenameRelative":"/client/lib/spacebars.js","env":{},"retainLines":false,"highlightCode":true,"suppressDeprecationMessages":false,"presets":[],"plugins":[[[],null],[[],null],[[],null],[[],null],[[],null],[[],null],[[],null],[[],{"polyfill":false}],[[],null],[[],null],[[],null],[[],null],[[],null],[[],null],[[],null],[[],null],[[],{"loose":true}],[[],{"loose":true}],[[],null],[[],{"loose":true}],[[],null],[[],null],[[],{"allowTopLevelThis":true,"strict":false,"loose":true}],[[],null],[[],null],[[],null],[[],null],[[],null],[[],{"loose":true}],[[],null],[[],null],[[],null],[[],null],[[],null],[[],null],[[],null],[[],null]],"ignore":[],"code":true,"metadata":true,"ast":false,"comments":true,"compact":false,"minified":false,"sourceMap":true,"sourceMaps":true,"sourceMapTarget":"/client/lib/spacebars.js.map","sourceFileName":"/client/lib/spacebars.js","babelrc":false,"sourceType":"module","moduleIds":false,"passPerPreset":false,"basename":"spacebars"},"ignored":false,"code":"UI.registerHelper('simpleFormat', function (text) {\n  if (!text) {\n    return;\n  }\n  var carriage_returns, linkify, newline, paragraphs;\n  linkify = function linkify(string) {\n    var re;\n    re = [\"\\\\b((?:https?|ftp)://[^\\\\s\\\"'<>]+)\\\\b\", \"\\\\b(www\\\\.[^\\\\s\\\"'<>]+)\\\\b\", \"\\\\b(\\\\w[\\\\w.+-]*@[\\\\w.-]+\\\\.[a-z]{2,6})\\\\b\", \"@([a-z0-9]+)\"];\n    re = new RegExp(re.join('|'), 'gi');\n    return string.replace(re, function (match, url, www, mail, username) {\n      if (url) {\n        return '<a href=\"' + url + '\" target=\"_blank\">' + url + '</a>';\n      }\n      if (www) {\n        return '<a href=\"http://' + www + '\" target=\"_blank\">' + www + '</a>';\n      }\n      if (mail) {\n        return '<a href=\"mailto:' + mail + '\">' + mail + '</a>';\n      }\n      if (username) {\n        if (Meteor.user().username === username) {\n          return '<span class=\"highlight-username\">@' + username + '</span>';\n        }\n        return '@' + username;\n      }\n      return match;\n    });\n  };\n  text = linkify(text);\n  carriage_returns = /\\r\\n?/g;\n  paragraphs = /\\n\\n+/g;\n  newline = /([^\\n]\\n)(?=[^\\n])/g;\n  text = text.replace(carriage_returns, '\\n');\n  text = text.replace(paragraphs, '</p>\\n\\n<p>');\n  text = text.replace(newline, '$1<br/>');\n  text = '<p>' + text + '</p>';\n  return new Spacebars.SafeString(text);\n});\n\nUI.registerHelper('formatDate', function (date) {\n  return moment(date).format('LL');\n});\n\n/*\n * Full time format\n */\nUI.registerHelper('fullTimeDate', function (date) {\n  return moment(date).format('HH:mm:ss, LL');\n});\n\nTemplate.registerHelper('instance', function () {\n  return Template.instance();\n});","ast":null,"map":{"version":3,"sources":["/client/lib/spacebars.js"],"names":[],"mappings":"AAAA,GAAG,cAAH,CAAkB,cAAlB,EAAkC,UAAC,IAAD,EAAU;AAC1C,MAAI,CAAC,IAAD,EAAO;AACT,WADS;GAAX;AAGA,MAAI,gBAAJ,EAAsB,OAAtB,EAA+B,OAA/B,EAAwC,UAAxC,CAJ0C;AAK1C,YAAU,iBAAC,MAAD,EAAY;AACpB,QAAI,EAAJ,CADoB;AAEpB,SAAK,CACH,uCADG,EAEH,4BAFG,EAGH,4CAHG,EAIH,cAJG,CAAL,CAFoB;AAQpB,SAAK,IAAI,MAAJ,CAAW,GAAG,IAAH,CAAQ,GAAR,CAAX,EAAyB,IAAzB,CAAL,CARoB;AASpB,WAAO,OAAO,OAAP,CAAe,EAAf,EAAmB,UAAC,KAAD,EAAQ,GAAR,EAAa,GAAb,EAAkB,IAAlB,EAAwB,QAAxB,EAAqC;AAC7D,UAAI,GAAJ,EAAS;AACP,eAAO,cAAc,GAAd,GAAoB,oBAApB,GAA2C,GAA3C,GAAiD,MAAjD,CADA;OAAT;AAGA,UAAI,GAAJ,EAAS;AACP,eAAO,qBAAqB,GAArB,GAA2B,oBAA3B,GAAkD,GAAlD,GAAwD,MAAxD,CADA;OAAT;AAGA,UAAI,IAAJ,EAAU;AACR,eAAO,qBAAqB,IAArB,GAA4B,IAA5B,GAAmC,IAAnC,GAA0C,MAA1C,CADC;OAAV;AAGA,UAAI,QAAJ,EAAc;AACZ,YAAI,OAAO,IAAP,GAAc,QAAd,KAA2B,QAA3B,EAAqC;AACvC,iBAAO,uCAAuC,QAAvC,GAAkD,SAAlD,CADgC;SAAzC;AAGA,eAAO,MAAM,QAAN,CAJK;OAAd;AAMA,aAAO,KAAP,CAhB6D;KAArC,CAA1B,CAToB;GAAZ,CALgC;AAiC1C,SAAO,QAAQ,IAAR,CAAP,CAjC0C;AAkC1C,qBAAmB,QAAnB,CAlC0C;AAmC1C,eAAa,QAAb,CAnC0C;AAoC1C,YAAU,qBAAV,CApC0C;AAqC1C,SAAO,KAAK,OAAL,CAAa,gBAAb,EAA+B,IAA/B,CAAP,CArC0C;AAsC1C,SAAO,KAAK,OAAL,CAAa,UAAb,EAAyB,aAAzB,CAAP,CAtC0C;AAuC1C,SAAO,KAAK,OAAL,CAAa,OAAb,EAAsB,SAAtB,CAAP,CAvC0C;AAwC1C,SAAO,QAAQ,IAAR,GAAe,MAAf,CAxCmC;AAyC1C,SAAO,IAAI,UAAU,UAAV,CAAqB,IAAzB,CAAP,CAzC0C;CAAV,CAAlC;;AA4CA,GAAG,cAAH,CAAkB,YAAlB,EAAgC,UAAC,IAAD,EAAU;AACxC,SAAO,OAAO,IAAP,EAAa,MAAb,CAAoB,IAApB,CAAP,CADwC;CAAV,CAAhC;;;;;AAOA,GAAG,cAAH,CAAkB,cAAlB,EAAkC,UAAC,IAAD,EAAU;AAC1C,SAAO,OAAO,IAAP,EAAa,MAAb,CAAoB,cAApB,CAAP,CAD0C;CAAV,CAAlC;;AAIA,SAAS,cAAT,CAAwB,UAAxB,EAAoC;SAAM,SAAS,QAAT;CAAN,CAApC","file":"/client/lib/spacebars.js.map","sourcesContent":["UI.registerHelper('simpleFormat', (text) => {\n  if (!text) {\n    return;\n  }\n  var carriage_returns, linkify, newline, paragraphs;\n  linkify = (string) => {\n    var re;\n    re = [\n      \"\\\\b((?:https?|ftp)://[^\\\\s\\\"'<>]+)\\\\b\",\n      \"\\\\b(www\\\\.[^\\\\s\\\"'<>]+)\\\\b\",\n      \"\\\\b(\\\\w[\\\\w.+-]*@[\\\\w.-]+\\\\.[a-z]{2,6})\\\\b\",\n      \"@([a-z0-9]+)\"\n    ];\n    re = new RegExp(re.join('|'), 'gi');\n    return string.replace(re, (match, url, www, mail, username) => {\n      if (url) {\n        return '<a href=\"' + url + '\" target=\"_blank\">' + url + '</a>';\n      }\n      if (www) {\n        return '<a href=\"http://' + www + '\" target=\"_blank\">' + www + '</a>';\n      }\n      if (mail) {\n        return '<a href=\"mailto:' + mail + '\">' + mail + '</a>';\n      }\n      if (username) {\n        if (Meteor.user().username === username) {\n          return '<span class=\"highlight-username\">@' + username + '</span>';\n        }\n        return '@' + username;\n      }\n      return match;\n    });\n  };\n  text = linkify(text);\n  carriage_returns = /\\r\\n?/g;\n  paragraphs = /\\n\\n+/g;\n  newline = /([^\\n]\\n)(?=[^\\n])/g;\n  text = text.replace(carriage_returns, '\\n');\n  text = text.replace(paragraphs, '</p>\\n\\n<p>');\n  text = text.replace(newline, '$1<br/>');\n  text = '<p>' + text + '</p>';\n  return new Spacebars.SafeString(text);\n});\n\nUI.registerHelper('formatDate', (date) => {\n  return moment(date).format('LL');\n});\n\n/*\n * Full time format\n */\nUI.registerHelper('fullTimeDate', (date) => {\n  return moment(date).format('HH:mm:ss, LL');\n});\n\nTemplate.registerHelper('instance', () => Template.instance());\n"]},"hash":"d8838592b0d0327eaa732a66c848e35603f87cd0"}
