{"metadata":{"usedHelpers":[],"marked":[],"modules":{"imports":[],"exports":{"exported":[],"specifiers":[]}}},"options":{"filename":"/client/views/users/profile.js","filenameRelative":"/client/views/users/profile.js","env":{},"retainLines":false,"highlightCode":true,"suppressDeprecationMessages":false,"presets":[],"plugins":[[[],null],[[],null],[[],null],[[],null],[[],null],[[],null],[[],null],[[],{"polyfill":false}],[[],null],[[],null],[[],null],[[],null],[[],null],[[],null],[[],null],[[],null],[[],{"loose":true}],[[],{"loose":true}],[[],null],[[],{"loose":true}],[[],null],[[],null],[[],{"allowTopLevelThis":true,"strict":false,"loose":true}],[[],null],[[],null],[[],null],[[],null],[[],null],[[],{"loose":true}],[[],null],[[],null],[[],null],[[],null],[[],null],[[],null],[[],null],[[],null]],"ignore":[],"code":true,"metadata":true,"ast":false,"comments":true,"compact":false,"minified":false,"sourceMap":true,"sourceMaps":true,"sourceMapTarget":"/client/views/users/profile.js.map","sourceFileName":"/client/views/users/profile.js","babelrc":false,"sourceType":"module","moduleIds":false,"passPerPreset":false,"basename":"profile"},"ignored":false,"code":"Template.profile.events({\n  'click [data-id=load-more]': function () {\n    function clickDataIdLoadMore(event, template) {\n      template.limit.set(template.limit.get() + 20);\n    }\n\n    return clickDataIdLoadMore;\n  }()\n});\n\nTemplate.profile.helpers({\n  user: function () {\n    function user() {\n      return Meteor.users.findOne({ _id: FlowRouter.getParam('_id') });\n    }\n\n    return user;\n  }(),\n\n  posts: function () {\n    function posts() {\n      return Posts.find({}, { sort: { createdAt: -1 } });\n    }\n\n    return posts;\n  }(),\n\n  hasMorePosts: function () {\n    function hasMorePosts() {\n      return Template.instance().limit.get() <= Template.instance().userPostsCount.get();\n    }\n\n    return hasMorePosts;\n  }()\n});\n\nTemplate.profile.onCreated(function () {\n  var _this = this;\n\n  this.limit = new ReactiveVar(20);\n  this.userPostsCount = new ReactiveVar(0);\n\n  this.autorun(function () {\n    _this.subscribe('users.profile', FlowRouter.getParam('_id'), _this.limit.get());\n    _this.userPostsCount.set(Counts.get('users.profile'));\n\n    // Get current user's social media accounts\n    var profileUser = Meteor.users.findOne({ _id: FlowRouter.getParam('_id') });\n\n    // Display social media links\n    if (profileUser && profileUser.socialMedia) {\n      $('#socialMediaAccounts').empty();\n      for (var prop in meteorBabelHelpers.sanitizeForInObject(profileUser.socialMedia)) {\n        var smLink = '<a id=\"' + prop + '\" class=\"smAccount\" href=\"' + profileUser.socialMedia[prop] + '\"><img src=\"/img/' + prop + '.svg\"/></a>';\n        $(smLink).appendTo('#socialMediaAccounts');\n      }\n    }\n  });\n});","ast":null,"map":{"version":3,"sources":["/client/views/users/profile.js"],"names":[],"mappings":"AAAA,SAAS,OAAT,CAAiB,MAAjB,CAAwB;AACtB;AAA6B,iCAAC,KAAD,EAAQ,QAAR,EAAqB;AAChD,eAAS,KAAT,CAAe,GAAf,CAAmB,SAAS,KAAT,CAAe,GAAf,KAAuB,EAAvB,CAAnB,CADgD;KAArB;;;KAA7B;CADF;;AAMA,SAAS,OAAT,CAAiB,OAAjB,CAAyB;AACvB;AAAM,oBAAM;AACV,aAAO,OAAO,KAAP,CAAa,OAAb,CAAqB,EAAE,KAAK,WAAW,QAAX,CAAoB,KAApB,CAAL,EAAvB,CAAP,CADU;KAAN;;;KAAN;;AAIA;AAAO,qBAAW;AAChB,aAAO,MAAM,IAAN,CAAW,EAAX,EAAe,EAAE,MAAM,EAAE,WAAW,CAAC,CAAD,EAAnB,EAAjB,CAAP,CADgB;KAAX;;;KAAP;;AAIA;AAAc,4BAAM;AAClB,aAAO,SAAS,QAAT,GAAoB,KAApB,CAA0B,GAA1B,MAAmC,SAAS,QAAT,GAAoB,cAApB,CAAmC,GAAnC,EAAnC,CADW;KAAN;;;KAAd;CATF;;AAcA,SAAS,OAAT,CAAiB,SAAjB,CAA2B,YAAY;;;AACrC,OAAK,KAAL,GAAa,IAAI,WAAJ,CAAgB,EAAhB,CAAb,CADqC;AAErC,OAAK,cAAL,GAAsB,IAAI,WAAJ,CAAgB,CAAhB,CAAtB,CAFqC;;AAIrC,OAAK,OAAL,CAAa,YAAM;AACjB,UAAK,SAAL,CAAe,eAAf,EAAgC,WAAW,QAAX,CAAoB,KAApB,CAAhC,EAA4D,MAAK,KAAL,CAAW,GAAX,EAA5D,EADiB;AAEjB,UAAK,cAAL,CAAoB,GAApB,CAAwB,OAAO,GAAP,CAAW,eAAX,CAAxB;;;AAFiB,QAKb,cAAc,OAAO,KAAP,CAAa,OAAb,CAAqB,EAAC,KAAK,WAAW,QAAX,CAAoB,KAApB,CAAL,EAAtB,CAAd;;;AALa,QAQb,eAAe,YAAY,WAAZ,EAAyB;AAC1C,QAAE,sBAAF,EAA0B,KAA1B,GAD0C;AAE1C,WAAK,IAAI,IAAJ,2CAAY,YAAY,WAAZ,CAAjB,EAA0C;AACxC,YAAI,SAAS,YAAY,IAAZ,GAAmB,4BAAnB,GAAkD,YAAY,WAAZ,CAAwB,IAAxB,CAAlD,GAAkF,mBAAlF,GAAwG,IAAxG,GAA+G,aAA/G,CAD2B;AAExC,UAAE,MAAF,EAAU,QAAV,CAAmB,sBAAnB,EAFwC;OAA1C;KAFF;GARW,CAAb,CAJqC;CAAZ,CAA3B","file":"/client/views/users/profile.js.map","sourcesContent":["Template.profile.events({\n  'click [data-id=load-more]': (event, template) => {\n    template.limit.set(template.limit.get() + 20);\n  }\n});\n\nTemplate.profile.helpers({\n  user: () => {\n    return Meteor.users.findOne({ _id: FlowRouter.getParam('_id') });\n  },\n\n  posts: function() {\n    return Posts.find({}, { sort: { createdAt: -1 } });\n  },\n\n  hasMorePosts: () => {\n    return Template.instance().limit.get() <= Template.instance().userPostsCount.get();\n  }\n});\n\nTemplate.profile.onCreated(function () {\n  this.limit = new ReactiveVar(20);\n  this.userPostsCount = new ReactiveVar(0);\n\n  this.autorun(() => {\n    this.subscribe('users.profile', FlowRouter.getParam('_id'), this.limit.get());\n    this.userPostsCount.set(Counts.get('users.profile'));\n\n    // Get current user's social media accounts\n    let profileUser = Meteor.users.findOne({_id: FlowRouter.getParam('_id')});\n\n    // Display social media links\n    if (profileUser && profileUser.socialMedia) {\n      $('#socialMediaAccounts').empty();\n      for (var prop in profileUser.socialMedia) {\n        let smLink = '<a id=\"' + prop + '\" class=\"smAccount\" href=\"' + profileUser.socialMedia[prop] + '\"><img src=\"/img/' + prop + '.svg\"/></a>';\n        $(smLink).appendTo('#socialMediaAccounts');\n      }\n    }\n  });\n});\n"]},"hash":"fe888c5d11a3fe094cf4b990c374b24e5786a3b4"}
