{"metadata":{"modules":{"imports":[],"exports":{"exported":[],"specifiers":[]}},"usedHelpers":[]},"ignored":false,"code":"Template.following.helpers({\n  users: function () {\n    if (Meteor.user().followingIds && Meteor.user().followingIds.length !== 0) {\n      return Meteor.users.find({ _id: { $in: Meteor.user().followingIds } }, { sort: { username: 1 } });\n    } else {\n      return [];\n    }\n  }\n});\n\nTemplate.following.onCreated(function () {\n  var _this = this;\n\n  this.autorun(function () {\n    _this.subscribe('users.following');\n  });\n});","ast":null,"map":{"version":3,"sources":["/client/views/users/following.js"],"names":[],"mappings":"AAAA,QAAQ,CAAC,SAAS,CAAC,OAAO,CAAC;AACzB,OAAK,EAAE,YAAM;AACX,QAAI,MAAM,CAAC,IAAI,EAAE,CAAC,YAAY,IAAI,MAAM,CAAC,IAAI,EAAE,CAAC,YAAY,CAAC,MAAM,KAAK,CAAC,EAAE;AACzE,aAAO,MAAM,CAAC,KAAK,CAAC,IAAI,CAAC,EAAE,GAAG,EAAE,EAAE,GAAG,EAAE,MAAM,CAAC,IAAI,EAAE,CAAC,YAAY,EAAE,EAAE,EAAE,EAAE,IAAI,EAAE,EAAE,QAAQ,EAAE,CAAC,EAAE,EAAE,CAAC,CAAC;KACnG,MAAM;AACL,aAAO,EAAE,CAAC;KACX;GACF;CACF,CAAC,CAAC;;AAEH,QAAQ,CAAC,SAAS,CAAC,SAAS,CAAC,YAAW;;;AACtC,MAAI,CAAC,OAAO,CAAC,YAAM;AACjB,UAAK,SAAS,CAAC,iBAAiB,CAAC,CAAC;GACnC,CAAC,CAAC;CACJ,CAAC,CAAC","file":"/client/views/users/following.js.map","sourcesContent":["Template.following.helpers({\n  users: () => {\n    if (Meteor.user().followingIds && Meteor.user().followingIds.length !== 0) {\n      return Meteor.users.find({ _id: { $in: Meteor.user().followingIds } }, { sort: { username: 1 } });\n    } else {\n      return [];\n    }\n  }\n});\n\nTemplate.following.onCreated(function() {\n  this.autorun(() => {\n    this.subscribe('users.following');\n  });\n});\n"]},"hash":"0bd5466fa3910026679520b77d8c85ff4a46e4fb"}
