{"metadata":{"modules":{"imports":[],"exports":{"exported":[],"specifiers":[]}},"usedHelpers":[]},"ignored":false,"code":"Avatar.setOptions({\n  imageSizes: {\n    'extra-large': 200,\n    'extra-small': 20\n  }\n});","ast":null,"map":{"version":3,"sources":["/lib/avatars/config.js"],"names":[],"mappings":"AAAA,MAAM,CAAC,UAAU,CAAC;AAChB,YAAU,EAAE;AACV,iBAAa,EAAE,GAAG;AAClB,iBAAa,EAAE,EAAE;GAClB;CACF,CAAC,CAAC","file":"/lib/avatars/config.js.map","sourcesContent":["Avatar.setOptions({\n  imageSizes: {\n    'extra-large': 200,\n    'extra-small': 20\n  }\n});\n"]},"hash":"0cc062f3429b81d881e9c10ec84df21aa748f792"}
