{"metadata":{"modules":{"imports":[],"exports":{"exported":[],"specifiers":[]}},"usedHelpers":[]},"ignored":false,"code":"Reviews = new Mongo.Collection('reviews');\n\nMeteor.methods({\n    'reviews.insert': function (body) {\n        check(body, String);\n\n        if (!Meteor.user()) {\n            throw new Meteor.Error(401, 'You need to be signed in to continue');\n        }\n        if (!body) {\n            throw new Meteor.Error(422, 'Body should not be blank');\n        }\n\n        var review = {\n            body: body,\n            authorId: Meteor.userId(),\n            createdAt: new Date(),\n            updatedAt: new Date()\n        };\n\n        return Reviews.insert(review);\n    },\n\n    'reviews.remove': function (_id) {\n        check(_id, String);\n\n        if (!Meteor.user()) {\n            throw new Meteor.Error(401, 'You need to be signed in to continue');\n        }\n        if (!_id) {\n            throw new Meteor.Error(422, '_id should not be blank');\n        }\n        if (Meteor.userId() !== Reviews.findOne({ _id: _id }).authorId) {\n            throw new Meteor.Error(422, 'You can only remove your own reviews');\n        }\n\n        Reviews.remove({ _id: _id });\n    }\n});","ast":null,"map":{"version":3,"sources":["/collections/reviews.js"],"names":[],"mappings":"AAAA,OAAO,GAAG,IAAI,KAAK,CAAC,UAAU,CAAC,SAAS,CAAC,CAAC;;AAE1C,MAAM,CAAC,OAAO,CAAC;AACP,oBAAgB,EAAE,UAAC,IAAI,EAAK;AAC5B,aAAK,CAAC,IAAI,EAAE,MAAM,CAAC,CAAC;;AAE5B,YAAI,CAAC,MAAM,CAAC,IAAI,EAAE,EAAE;AAChB,kBAAM,IAAI,MAAM,CAAC,KAAK,CAAC,GAAG,EAAE,sCAAsC,CAAC,CAAC;SACvE;AACD,YAAI,CAAC,IAAI,EAAE;AACP,kBAAM,IAAI,MAAM,CAAC,KAAK,CAAC,GAAG,EAAE,0BAA0B,CAAC,CAAC;SAC3D;;AAED,YAAI,MAAM,GAAG;AACT,gBAAI,EAAE,IAAI;AACV,oBAAQ,EAAE,MAAM,CAAC,MAAM,EAAE;AACzB,qBAAS,EAAE,IAAI,IAAI,EAAE;AACrB,qBAAS,EAAE,IAAI,IAAI,EAAE;SACxB,CAAC;;AAEF,eAAO,OAAO,CAAC,MAAM,CAAC,MAAM,CAAC,CAAC;KAC7B;;AAED,oBAAgB,EAAE,UAAC,GAAG,EAAK;AACvB,aAAK,CAAC,GAAG,EAAE,MAAM,CAAC,CAAC;;AAEnB,YAAI,CAAC,MAAM,CAAC,IAAI,EAAE,EAAE;AAChB,kBAAM,IAAI,MAAM,CAAC,KAAK,CAAC,GAAG,EAAE,sCAAsC,CAAC,CAAC;SACvE;AACD,YAAI,CAAC,GAAG,EAAE;AACN,kBAAM,IAAI,MAAM,CAAC,KAAK,CAAC,GAAG,EAAE,yBAAyB,CAAC,CAAC;SAC1D;AACD,YAAI,MAAM,CAAC,MAAM,EAAE,KAAK,OAAO,CAAC,OAAO,CAAC,EAAE,GAAG,EAAE,GAAG,EAAE,CAAC,CAAC,QAAQ,EAAE;AAC5D,kBAAM,IAAI,MAAM,CAAC,KAAK,CAAC,GAAG,EAAE,sCAAsC,CAAC,CAAC;SACvE;;AAED,eAAO,CAAC,MAAM,CAAC,EAAE,GAAG,EAAE,GAAG,EAAE,CAAC,CAAC;KAChC;CACA,CAAC,CAAC","file":"/collections/reviews.js.map","sourcesContent":["Reviews = new Mongo.Collection('reviews');\r\n\r\nMeteor.methods({\r\n        'reviews.insert': (body) => {\r\n        check(body, String);\r\n\r\nif (!Meteor.user()) {\r\n    throw new Meteor.Error(401, 'You need to be signed in to continue');\r\n}\r\nif (!body) {\r\n    throw new Meteor.Error(422, 'Body should not be blank');\r\n}\r\n\r\nlet review = {\r\n    body: body,\r\n    authorId: Meteor.userId(),\r\n    createdAt: new Date(),\r\n    updatedAt: new Date()\r\n};\r\n\r\nreturn Reviews.insert(review);\r\n},\r\n\r\n'reviews.remove': (_id) => {\r\n    check(_id, String);\r\n\r\n    if (!Meteor.user()) {\r\n        throw new Meteor.Error(401, 'You need to be signed in to continue');\r\n    }\r\n    if (!_id) {\r\n        throw new Meteor.Error(422, '_id should not be blank');\r\n    }\r\n    if (Meteor.userId() !== Reviews.findOne({ _id: _id }).authorId) {\r\n        throw new Meteor.Error(422, 'You can only remove your own reviews');\r\n    }\r\n\r\n    Reviews.remove({ _id: _id });\r\n}\r\n});\r\n"]},"hash":"1dc51594fa123b5476b8c1195cf77b71389482cc"}
