{"metadata":{"modules":{"imports":[],"exports":{"exported":[],"specifiers":[]}},"usedHelpers":[]},"ignored":false,"code":"AccountsTemplates.configure({\n  defaultLayout: 'layout',\n  defaultLayoutRegions: {\n    header: 'header' // ,\n    // footer: '_footer'\n  },\n  defaultContentRegion: 'main',\n  showForgotPasswordLink: true,\n  overrideLoginErrors: true,\n  enablePasswordChange: true,\n  sendVerificationEmail: true,\n  lowercaseUsername: false,\n\n  // enforceEmailVerification: true,\n  confirmPassword: true,\n  continuousValidation: true,\n  // displayFormLabels: true,\n  // forbidClientAccountCreation: false,\n  homeRoutePath: '/',\n  // showAddRemoveServices: false,\n  showPlaceholders: true,\n\n  negativeValidation: true,\n  positiveValidation: true,\n  negativeFeedback: false,\n  positiveFeedback: false,\n\n  // privacyUrl: 'privacy',\n  // termsUrl: 'terms',\n\n  texts: {\n    title: {\n      changePwd: 'Change password',\n      forgotPwd: 'Forgot password?',\n      resetPwd: 'Reset password',\n      signIn: 'Sign in',\n      signUp: 'Sign up',\n      verifyEmail: 'Verify Email'\n    },\n    button: {\n      changePwd: 'Change password',\n      enrollAccount: 'Enroll Text',\n      forgotPwd: 'Send reset link',\n      resetPwd: 'Reset Password',\n      signIn: 'Sign in',\n      signUp: 'Sign up'\n    }\n  }\n});\n\n// configuring useraccounts for login with both username or email\nvar pwd = AccountsTemplates.removeField('password');\nAccountsTemplates.removeField('email');\nAccountsTemplates.addFields([{\n  _id: 'email',\n  type: 'email',\n  required: true,\n  displayName: 'Email',\n  re: /.+@(.+){2,}\\.(.+){2,}/,\n  errStr: 'Invalid email'\n}, {\n  _id: 'username',\n  type: 'text',\n  displayName: 'Username',\n  required: true,\n  minLength: 4\n}, {\n  _id: 'username_and_email',\n  placeholder: 'Username or email',\n  type: 'text',\n  required: true,\n  displayName: 'Login'\n}, pwd]);\n\n// enable preconfigured Flow-Router routes by useraccounts:flow-router.\nAccountsTemplates.configureRoute('changePwd');\nAccountsTemplates.configureRoute('forgotPwd');\nAccountsTemplates.configureRoute('resetPwd');\nAccountsTemplates.configureRoute('signIn');\nAccountsTemplates.configureRoute('signUp');\nAccountsTemplates.configureRoute('verifyEmail');\n// AccountsTemplates.configureRoute('enrollAccount'); // for creating passwords after logging first time","ast":null,"map":{"version":3,"sources":["/client/lib/accounts/config.js"],"names":[],"mappings":"AAAA,iBAAiB,CAAC,SAAS,CAAC;AAC1B,eAAa,EAAE,QAAQ;AACvB,sBAAoB,EAAE;AACpB,UAAM,EAAE,QAAQ;;GAEjB;AACD,sBAAoB,EAAE,MAAM;AAC5B,wBAAsB,EAAE,IAAI;AAC5B,qBAAmB,EAAE,IAAI;AACzB,sBAAoB,EAAE,IAAI;AAC1B,uBAAqB,EAAE,IAAI;AAC3B,mBAAiB,EAAE,KAAK;;;AAGxB,iBAAe,EAAE,IAAI;AACrB,sBAAoB,EAAE,IAAI;;;AAG1B,eAAa,EAAE,GAAG;;AAElB,kBAAgB,EAAE,IAAI;;AAEtB,oBAAkB,EAAE,IAAI;AACxB,oBAAkB,EAAE,IAAI;AACxB,kBAAgB,EAAE,KAAK;AACvB,kBAAgB,EAAE,KAAK;;;;;AAKvB,OAAK,EAAE;AACL,SAAK,EAAE;AACL,eAAS,EAAE,iBAAiB;AAC5B,eAAS,EAAE,kBAAkB;AAC7B,cAAQ,EAAE,gBAAgB;AAC1B,YAAM,EAAE,SAAS;AACjB,YAAM,EAAE,SAAS;AACjB,iBAAW,EAAE,cAAc;KAC5B;AACD,UAAM,EAAE;AACN,eAAS,EAAE,iBAAiB;AAC5B,mBAAa,EAAE,aAAa;AAC5B,eAAS,EAAE,iBAAiB;AAC5B,cAAQ,EAAE,gBAAgB;AAC1B,YAAM,EAAE,SAAS;AACjB,YAAM,EAAE,SAAS;KAClB;GACF;CACF,CAAC,CAAC;;;AAGH,IAAI,GAAG,GAAG,iBAAiB,CAAC,WAAW,CAAC,UAAU,CAAC,CAAC;AACpD,iBAAiB,CAAC,WAAW,CAAC,OAAO,CAAC,CAAC;AACvC,iBAAiB,CAAC,SAAS,CAAC,CAC1B;AACE,KAAG,EAAE,OAAO;AACZ,MAAI,EAAE,OAAO;AACb,UAAQ,EAAE,IAAI;AACd,aAAW,EAAE,OAAO;AACpB,IAAE,EAAE,uBAAuB;AAC3B,QAAM,EAAE,eAAe;CACxB,EACD;AACE,KAAG,EAAE,UAAU;AACf,MAAI,EAAE,MAAM;AACZ,aAAW,EAAE,UAAU;AACvB,UAAQ,EAAE,IAAI;AACd,WAAS,EAAE,CAAC;CACb,EACD;AACE,KAAG,EAAE,oBAAoB;AACzB,aAAW,EAAE,mBAAmB;AAChC,MAAI,EAAE,MAAM;AACZ,UAAQ,EAAE,IAAI;AACd,aAAW,EAAE,OAAO;CACrB,EACD,GAAG,CACJ,CAAC,CAAC;;;AAGH,iBAAiB,CAAC,cAAc,CAAC,WAAW,CAAC,CAAC;AAC9C,iBAAiB,CAAC,cAAc,CAAC,WAAW,CAAC,CAAC;AAC9C,iBAAiB,CAAC,cAAc,CAAC,UAAU,CAAC,CAAC;AAC7C,iBAAiB,CAAC,cAAc,CAAC,QAAQ,CAAC,CAAC;AAC3C,iBAAiB,CAAC,cAAc,CAAC,QAAQ,CAAC,CAAC;AAC3C,iBAAiB,CAAC,cAAc,CAAC,aAAa,CAAC,CAAC","file":"/client/lib/accounts/config.js.map","sourcesContent":["AccountsTemplates.configure({\n  defaultLayout: 'layout',\n  defaultLayoutRegions: {\n    header: 'header'// ,\n    // footer: '_footer'\n  },\n  defaultContentRegion: 'main',\n  showForgotPasswordLink: true,\n  overrideLoginErrors: true,\n  enablePasswordChange: true,\n  sendVerificationEmail: true,\n  lowercaseUsername: false,\n\n  // enforceEmailVerification: true,\n  confirmPassword: true,\n  continuousValidation: true,\n  // displayFormLabels: true,\n  // forbidClientAccountCreation: false,\n  homeRoutePath: '/',\n  // showAddRemoveServices: false,\n  showPlaceholders: true,\n\n  negativeValidation: true,\n  positiveValidation: true,\n  negativeFeedback: false,\n  positiveFeedback: false,\n\n  // privacyUrl: 'privacy',\n  // termsUrl: 'terms',\n\n  texts: {\n    title: {\n      changePwd: 'Change password',\n      forgotPwd: 'Forgot password?',\n      resetPwd: 'Reset password',\n      signIn: 'Sign in',\n      signUp: 'Sign up',\n      verifyEmail: 'Verify Email'\n    },\n    button: {\n      changePwd: 'Change password',\n      enrollAccount: 'Enroll Text',\n      forgotPwd: 'Send reset link',\n      resetPwd: 'Reset Password',\n      signIn: 'Sign in',\n      signUp: 'Sign up'\n    }\n  }\n});\n\n// configuring useraccounts for login with both username or email\nlet pwd = AccountsTemplates.removeField('password');\nAccountsTemplates.removeField('email');\nAccountsTemplates.addFields([\n  {\n    _id: 'email',\n    type: 'email',\n    required: true,\n    displayName: 'Email',\n    re: /.+@(.+){2,}\\.(.+){2,}/,\n    errStr: 'Invalid email'\n  },\n  {\n    _id: 'username',\n    type: 'text',\n    displayName: 'Username',\n    required: true,\n    minLength: 4\n  },\n  {\n    _id: 'username_and_email',\n    placeholder: 'Username or email',\n    type: 'text',\n    required: true,\n    displayName: 'Login'\n  },\n  pwd\n]);\n\n// enable preconfigured Flow-Router routes by useraccounts:flow-router.\nAccountsTemplates.configureRoute('changePwd');\nAccountsTemplates.configureRoute('forgotPwd');\nAccountsTemplates.configureRoute('resetPwd');\nAccountsTemplates.configureRoute('signIn');\nAccountsTemplates.configureRoute('signUp');\nAccountsTemplates.configureRoute('verifyEmail');\n// AccountsTemplates.configureRoute('enrollAccount'); // for creating passwords after logging first time\n"]},"hash":"252df0623d706c7c7070e2ab62f7da5bd34fdca9"}
