{"metadata":{"modules":{"imports":[],"exports":{"exported":[],"specifiers":[]}},"usedHelpers":[]},"ignored":false,"code":"Messages = new Mongo.Collection('messages');\n\nMeteor.methods({\n  'messages.insert': function (toUserId, toUsername, body) {\n    check(toUserId, String);\n    check(toUsername, String);\n    check(body, String);\n\n    // Verify that user is logged in\n    if (!Meteor.user()) {\n      throw new Meteor.Error(401, 'You need to be signed in to continue');\n    }\n\n    if (!toUserId) {\n      throw new Meteor.Error(422, 'To field should not be blank');\n    }\n\n    if (!body) {\n      throw new Meteor.Error(422, 'Body should not be blank');\n    }\n\n    // Verify that to is an existing user\n    if (Meteor.users.find({ _id: toUserId }).count() === 0) {\n      throw new Meteor.Error(111, 'Not a valid user');\n    }\n\n    var message = {\n      originatingFromId: Meteor.userId(),\n      originatingFromName: Meteor.user().username,\n      originatingToId: toUserId,\n      originatingToName: toUsername,\n      conversation: [{\n        from: {\n          userId: Meteor.userId()\n        },\n        to: {\n          userId: toUserId,\n          read: false\n        },\n        body: body,\n        sentOn: new Date(),\n        originatingFromDeleted: false,\n        originatingToDeleted: false\n      }]\n    };\n\n    return Messages.insert(message);\n  },\n  'messages.remove': function (messageId, whoDeleted) {\n    check(messageId, String);\n    check(whoDeleted, String);\n\n    // Verify that user is logged in\n    if (!Meteor.user()) {\n      throw new Meteor.Error(401, 'You need to be signed in to continue');\n    }\n\n    // Verify that message exists\n    if (Messages.find({ _id: messageId }).count() === 0) {\n      throw new Meteor.Error(111, 'Not a valid message');\n    }\n\n    // Get conversation array and store in variable\n    var conversation = Messages.findOne({ _id: messageId }).conversation;\n\n    if (whoDeleted === 'from') {\n      for (var x = 0; x < conversation.length; x++) {\n        conversation[x].originatingFromDeleted = true;\n      }\n    } else if (whoDeleted === 'to') {\n      for (var x = 0; x < conversation.length; x++) {\n        conversation[x].originatingToDeleted = true;\n      }\n    } else {\n      throw new Meteor.Error(211, 'Message could not be deleted');\n    }\n\n    Messages.update({ _id: messageId }, { $set: { conversation: conversation } });\n  },\n  'messages.updateRead': function (messageId, val) {\n    check(messageId, String);\n    check(val, Boolean);\n\n    // Verify that user is logged in\n    if (!Meteor.user()) {\n      throw new Meteor.Error(401, 'You need to be signed in to continue');\n    }\n\n    // Verify that message exists\n    if (Messages.find({ _id: messageId }).count() === 0) {\n      throw new Meteor.Error(111, 'Not a valid message');\n    }\n\n    // Get conversation array and store in variable\n    var conversation = Messages.findOne({ _id: messageId }).conversation;\n\n    for (var x = 0; x < conversation.length; x++) {\n      if (conversation[x].to.userId === Meteor.userId()) {\n        conversation[x].to.read = val;\n      }\n    }\n\n    // Update entire conversation array in Messages\n    Messages.update({ _id: messageId }, { $set: { conversation: conversation } });\n  },\n  'messages.addMessage': function (messageId, toUserId, body) {\n    check(messageId, String);\n    check(toUserId, String);\n    check(body, String);\n\n    // Verify that user is logged in\n    if (!Meteor.user()) {\n      throw new Meteor.Error(401, 'You need to be signed in to continue');\n    }\n\n    if (!body) {\n      throw new Meteor.Error(422, 'Body should not be blank');\n    }\n\n    if (!toUserId) {\n      throw new Meteor.Error(422, 'Error finding other user');\n    }\n\n    // Verify that message exists\n    if (Messages.find({ _id: messageId }).count() === 0) {\n      throw new Meteor.Error(111, 'Not a valid message');\n    }\n\n    var newMessage = {\n      from: {\n        userId: Meteor.userId()\n      },\n      to: {\n        userId: toUserId,\n        read: false\n      },\n      body: body,\n      sentOn: new Date(),\n      originatingFromDeleted: false,\n      originatingToDeleted: false\n    };\n\n    // Add item to array\n    Messages.update({ _id: messageId }, { $push: { conversation: newMessage } });\n  }\n});","ast":null,"map":{"version":3,"sources":["/collections/messages.js"],"names":[],"mappings":"AAAA,QAAQ,GAAG,IAAI,KAAK,CAAC,UAAU,CAAC,UAAU,CAAC,CAAC;;AAE5C,MAAM,CAAC,OAAO,CAAC;AACb,mBAAiB,EAAE,UAAC,QAAQ,EAAE,UAAU,EAAE,IAAI,EAAK;AACjD,SAAK,CAAC,QAAQ,EAAE,MAAM,CAAC,CAAC;AACxB,SAAK,CAAC,UAAU,EAAE,MAAM,CAAC,CAAC;AAC1B,SAAK,CAAC,IAAI,EAAE,MAAM,CAAC,CAAC;;;AAGpB,QAAI,CAAC,MAAM,CAAC,IAAI,EAAE,EAAE;AAClB,YAAM,IAAI,MAAM,CAAC,KAAK,CAAC,GAAG,EAAE,sCAAsC,CAAC,CAAC;KACrE;;AAED,QAAI,CAAC,QAAQ,EAAE;AACb,YAAM,IAAI,MAAM,CAAC,KAAK,CAAC,GAAG,EAAE,8BAA8B,CAAC,CAAC;KAC7D;;AAED,QAAI,CAAC,IAAI,EAAE;AACT,YAAM,IAAI,MAAM,CAAC,KAAK,CAAC,GAAG,EAAE,0BAA0B,CAAC,CAAC;KACzD;;;AAGD,QAAI,MAAM,CAAC,KAAK,CAAC,IAAI,CAAC,EAAC,GAAG,EAAE,QAAQ,EAAC,CAAC,CAAC,KAAK,EAAE,KAAK,CAAC,EAAE;AACpD,YAAM,IAAI,MAAM,CAAC,KAAK,CAAC,GAAG,EAAE,kBAAkB,CAAC,CAAC;KACjD;;AAED,QAAI,OAAO,GAAG;AACZ,uBAAiB,EAAE,MAAM,CAAC,MAAM,EAAE;AAClC,yBAAmB,EAAE,MAAM,CAAC,IAAI,EAAE,CAAC,QAAQ;AAC3C,qBAAe,EAAE,QAAQ;AACzB,uBAAiB,EAAE,UAAU;AAC7B,kBAAY,EAAE,CAAC;AACb,YAAI,EAAE;AACJ,gBAAM,EAAE,MAAM,CAAC,MAAM,EAAE;SACxB;AACD,UAAE,EAAE;AACF,gBAAM,EAAE,QAAQ;AAChB,cAAI,EAAE,KAAK;SACZ;AACD,YAAI,EAAE,IAAI;AACV,cAAM,EAAE,IAAI,IAAI,EAAE;AAClB,8BAAsB,EAAE,KAAK;AAC7B,4BAAoB,EAAE,KAAK;OAC5B,CAAC;KACH,CAAC;;AAEF,WAAO,QAAQ,CAAC,MAAM,CAAC,OAAO,CAAC,CAAC;GACjC;AACD,mBAAiB,EAAE,UAAC,SAAS,EAAE,UAAU,EAAK;AAC5C,SAAK,CAAC,SAAS,EAAE,MAAM,CAAC,CAAC;AACzB,SAAK,CAAC,UAAU,EAAE,MAAM,CAAC,CAAC;;;AAG1B,QAAI,CAAC,MAAM,CAAC,IAAI,EAAE,EAAE;AAClB,YAAM,IAAI,MAAM,CAAC,KAAK,CAAC,GAAG,EAAE,sCAAsC,CAAC,CAAC;KACrE;;;AAGD,QAAI,QAAQ,CAAC,IAAI,CAAC,EAAC,GAAG,EAAE,SAAS,EAAC,CAAC,CAAC,KAAK,EAAE,KAAK,CAAC,EAAE;AACjD,YAAM,IAAI,MAAM,CAAC,KAAK,CAAC,GAAG,EAAE,qBAAqB,CAAC,CAAC;KACpD;;;AAGD,QAAI,YAAY,GAAG,QAAQ,CAAC,OAAO,CAAC,EAAC,GAAG,EAAE,SAAS,EAAC,CAAC,CAAC,YAAY,CAAC;;AAEnE,QAAI,UAAU,KAAK,MAAM,EAAE;AACzB,WAAK,IAAI,CAAC,GAAG,CAAC,EAAE,CAAC,GAAG,YAAY,CAAC,MAAM,EAAE,CAAC,EAAE,EAAE;AAC5C,oBAAY,CAAC,CAAC,CAAC,CAAC,sBAAsB,GAAG,IAAI,CAAC;OAC/C;KACF,MAAM,IAAI,UAAU,KAAK,IAAI,EAAE;AAC9B,WAAK,IAAI,CAAC,GAAG,CAAC,EAAE,CAAC,GAAG,YAAY,CAAC,MAAM,EAAE,CAAC,EAAE,EAAE;AAC5C,oBAAY,CAAC,CAAC,CAAC,CAAC,oBAAoB,GAAG,IAAI,CAAC;OAC7C;KACF,MAAM;AACL,YAAM,IAAI,MAAM,CAAC,KAAK,CAAC,GAAG,EAAE,8BAA8B,CAAC,CAAC;KAC7D;;AAED,YAAQ,CAAC,MAAM,CAAC,EAAC,GAAG,EAAE,SAAS,EAAC,EAAE,EAAC,IAAI,EAAE,EAAC,YAAY,EAAE,YAAY,EAAC,EAAC,CAAC,CAAC;GACzE;AACD,uBAAqB,EAAE,UAAC,SAAS,EAAE,GAAG,EAAK;AACzC,SAAK,CAAC,SAAS,EAAE,MAAM,CAAC,CAAC;AACzB,SAAK,CAAC,GAAG,EAAE,OAAO,CAAC,CAAC;;;AAGpB,QAAI,CAAC,MAAM,CAAC,IAAI,EAAE,EAAE;AAClB,YAAM,IAAI,MAAM,CAAC,KAAK,CAAC,GAAG,EAAE,sCAAsC,CAAC,CAAC;KACrE;;;AAGD,QAAI,QAAQ,CAAC,IAAI,CAAC,EAAC,GAAG,EAAE,SAAS,EAAC,CAAC,CAAC,KAAK,EAAE,KAAK,CAAC,EAAE;AACjD,YAAM,IAAI,MAAM,CAAC,KAAK,CAAC,GAAG,EAAE,qBAAqB,CAAC,CAAC;KACpD;;;AAGD,QAAI,YAAY,GAAG,QAAQ,CAAC,OAAO,CAAC,EAAC,GAAG,EAAE,SAAS,EAAC,CAAC,CAAC,YAAY,CAAC;;AAEnE,SAAK,IAAI,CAAC,GAAG,CAAC,EAAE,CAAC,GAAG,YAAY,CAAC,MAAM,EAAE,CAAC,EAAE,EAAE;AAC5C,UAAI,YAAY,CAAC,CAAC,CAAC,CAAC,EAAE,CAAC,MAAM,KAAK,MAAM,CAAC,MAAM,EAAE,EAAE;AACjD,oBAAY,CAAC,CAAC,CAAC,CAAC,EAAE,CAAC,IAAI,GAAG,GAAG,CAAC;OAC/B;KACF;;;AAGD,YAAQ,CAAC,MAAM,CAAC,EAAC,GAAG,EAAE,SAAS,EAAC,EAAE,EAAC,IAAI,EAAE,EAAC,YAAY,EAAE,YAAY,EAAC,EAAC,CAAC,CAAC;GACzE;AACD,uBAAqB,EAAE,UAAC,SAAS,EAAE,QAAQ,EAAE,IAAI,EAAK;AACpD,SAAK,CAAC,SAAS,EAAE,MAAM,CAAC,CAAC;AACzB,SAAK,CAAC,QAAQ,EAAE,MAAM,CAAC,CAAC;AACxB,SAAK,CAAC,IAAI,EAAE,MAAM,CAAC,CAAC;;;AAGpB,QAAI,CAAC,MAAM,CAAC,IAAI,EAAE,EAAE;AAClB,YAAM,IAAI,MAAM,CAAC,KAAK,CAAC,GAAG,EAAE,sCAAsC,CAAC,CAAC;KACrE;;AAED,QAAI,CAAC,IAAI,EAAE;AACT,YAAM,IAAI,MAAM,CAAC,KAAK,CAAC,GAAG,EAAE,0BAA0B,CAAC,CAAC;KACzD;;AAED,QAAI,CAAC,QAAQ,EAAE;AACb,YAAM,IAAI,MAAM,CAAC,KAAK,CAAC,GAAG,EAAE,0BAA0B,CAAC,CAAC;KACzD;;;AAGD,QAAI,QAAQ,CAAC,IAAI,CAAC,EAAC,GAAG,EAAE,SAAS,EAAC,CAAC,CAAC,KAAK,EAAE,KAAK,CAAC,EAAE;AACjD,YAAM,IAAI,MAAM,CAAC,KAAK,CAAC,GAAG,EAAE,qBAAqB,CAAC,CAAC;KACpD;;AAED,QAAI,UAAU,GAAG;AACf,UAAI,EAAE;AACJ,cAAM,EAAE,MAAM,CAAC,MAAM,EAAE;OACxB;AACD,QAAE,EAAE;AACF,cAAM,EAAE,QAAQ;AAChB,YAAI,EAAE,KAAK;OACZ;AACD,UAAI,EAAE,IAAI;AACV,YAAM,EAAE,IAAI,IAAI,EAAE;AAClB,4BAAsB,EAAE,KAAK;AAC7B,0BAAoB,EAAE,KAAK;KAC5B,CAAC;;;AAGF,YAAQ,CAAC,MAAM,CAAC,EAAC,GAAG,EAAE,SAAS,EAAC,EAAE,EAAC,KAAK,EAAE,EAAC,YAAY,EAAE,UAAU,EAAC,EAAC,CAAC,CAAC;GACxE;CACF,CAAC,CAAC","file":"/collections/messages.js.map","sourcesContent":["Messages = new Mongo.Collection('messages');\n\nMeteor.methods({\n  'messages.insert': (toUserId, toUsername, body) => {\n    check(toUserId, String);\n    check(toUsername, String);\n    check(body, String);\n\n    // Verify that user is logged in\n    if (!Meteor.user()) {\n      throw new Meteor.Error(401, 'You need to be signed in to continue');\n    }\n\n    if (!toUserId) {\n      throw new Meteor.Error(422, 'To field should not be blank');\n    }\n\n    if (!body) {\n      throw new Meteor.Error(422, 'Body should not be blank');\n    }\n\n    // Verify that to is an existing user\n    if (Meteor.users.find({_id: toUserId}).count() === 0) {\n      throw new Meteor.Error(111, 'Not a valid user');\n    }\n\n    let message = {\n      originatingFromId: Meteor.userId(),\n      originatingFromName: Meteor.user().username,\n      originatingToId: toUserId,\n      originatingToName: toUsername,\n      conversation: [{\n        from: {\n          userId: Meteor.userId()\n        },\n        to: {\n          userId: toUserId,\n          read: false\n        },\n        body: body,\n        sentOn: new Date(),\n        originatingFromDeleted: false,\n        originatingToDeleted: false\n      }]\n    };\n\n    return Messages.insert(message);\n  },\n  'messages.remove': (messageId, whoDeleted) => {\n    check(messageId, String);\n    check(whoDeleted, String);\n\n    // Verify that user is logged in\n    if (!Meteor.user()) {\n      throw new Meteor.Error(401, 'You need to be signed in to continue');\n    }\n\n    // Verify that message exists\n    if (Messages.find({_id: messageId}).count() === 0) {\n      throw new Meteor.Error(111, 'Not a valid message');\n    }\n\n    // Get conversation array and store in variable\n    let conversation = Messages.findOne({_id: messageId}).conversation;\n\n    if (whoDeleted === 'from') {\n      for (let x = 0; x < conversation.length; x++) {\n        conversation[x].originatingFromDeleted = true;\n      }\n    } else if (whoDeleted === 'to') {\n      for (let x = 0; x < conversation.length; x++) {\n        conversation[x].originatingToDeleted = true;\n      }\n    } else {\n      throw new Meteor.Error(211, 'Message could not be deleted');\n    }\n\n    Messages.update({_id: messageId}, {$set: {conversation: conversation}});\n  },\n  'messages.updateRead': (messageId, val) => {\n    check(messageId, String);\n    check(val, Boolean);\n\n    // Verify that user is logged in\n    if (!Meteor.user()) {\n      throw new Meteor.Error(401, 'You need to be signed in to continue');\n    }\n\n    // Verify that message exists\n    if (Messages.find({_id: messageId}).count() === 0) {\n      throw new Meteor.Error(111, 'Not a valid message');\n    }\n\n    // Get conversation array and store in variable\n    let conversation = Messages.findOne({_id: messageId}).conversation;\n\n    for (let x = 0; x < conversation.length; x++) {\n      if (conversation[x].to.userId === Meteor.userId()) {\n        conversation[x].to.read = val;\n      }\n    }\n\n    // Update entire conversation array in Messages\n    Messages.update({_id: messageId}, {$set: {conversation: conversation}});\n  },\n  'messages.addMessage': (messageId, toUserId, body) => {\n    check(messageId, String);\n    check(toUserId, String);\n    check(body, String);\n\n    // Verify that user is logged in\n    if (!Meteor.user()) {\n      throw new Meteor.Error(401, 'You need to be signed in to continue');\n    }\n\n    if (!body) {\n      throw new Meteor.Error(422, 'Body should not be blank');\n    }\n\n    if (!toUserId) {\n      throw new Meteor.Error(422, 'Error finding other user');\n    }\n\n    // Verify that message exists\n    if (Messages.find({_id: messageId}).count() === 0) {\n      throw new Meteor.Error(111, 'Not a valid message');\n    }\n\n    let newMessage = {\n      from: {\n        userId: Meteor.userId()\n      },\n      to: {\n        userId: toUserId,\n        read: false\n      },\n      body: body,\n      sentOn: new Date(),\n      originatingFromDeleted: false,\n      originatingToDeleted: false\n    };\n\n    // Add item to array\n    Messages.update({_id: messageId}, {$push: {conversation: newMessage}});\n  }\n});\n"]},"hash":"26c98b18e5acf716e60bde6a7c99628c143fc4a5"}
