{"metadata":{"modules":{"imports":[],"exports":{"exported":[],"specifiers":[]}},"usedHelpers":[]},"ignored":false,"code":"Template.follower.helpers({\n  users: function () {\n    return Meteor.users.find({ _id: { $ne: Meteor.userId() } }, { sort: { username: 1 } });\n  }\n});\n\nTemplate.follower.onCreated(function () {\n  var _this = this;\n\n  this.autorun(function () {\n    _this.subscribe('users.follower');\n  });\n});","ast":null,"map":{"version":3,"sources":["/client/views/users/follower.js"],"names":[],"mappings":"AAAA,QAAQ,CAAC,QAAQ,CAAC,OAAO,CAAC;AACxB,OAAK,EAAE,YAAM;AACX,WAAO,MAAM,CAAC,KAAK,CAAC,IAAI,CAAC,EAAE,GAAG,EAAE,EAAE,GAAG,EAAE,MAAM,CAAC,MAAM,EAAE,EAAE,EAAE,EAAE,EAAE,IAAI,EAAE,EAAE,QAAQ,EAAE,CAAC,EAAE,EAAE,CAAC,CAAC;GACxF;CACF,CAAC,CAAC;;AAEH,QAAQ,CAAC,QAAQ,CAAC,SAAS,CAAC,YAAW;;;AACrC,MAAI,CAAC,OAAO,CAAC,YAAM;AACjB,UAAK,SAAS,CAAC,gBAAgB,CAAC,CAAC;GAClC,CAAC,CAAC;CACJ,CAAC,CAAC","file":"/client/views/users/follower.js.map","sourcesContent":["Template.follower.helpers({\n  users: () => {\n    return Meteor.users.find({ _id: { $ne: Meteor.userId() } }, { sort: { username: 1 } });\n  }\n});\n\nTemplate.follower.onCreated(function() {\n  this.autorun(() => {\n    this.subscribe('users.follower');\n  });\n});\n"]},"hash":"60672b207bc1c7ac5cce5742897c495c4d59904f"}
