{"metadata":{"modules":{"imports":[],"exports":{"exported":[],"specifiers":[]}},"usedHelpers":[]},"ignored":false,"code":"Template.bertAlert.helpers({\n  alert: function () {\n    return Session.get('bertAlert');\n  }\n});","ast":null,"map":{"version":3,"sources":["/templates/bert-alert.js"],"names":[],"mappings":"AAAA,QAAQ,CAAC,SAAS,CAAC,OAAO,CAAC;AACzB,OAAK,EAAA,YAAG;AAAE,WAAO,OAAO,CAAC,GAAG,CAAE,WAAW,CAAE,CAAC;GAAE;CAC/C,CAAC,CAAC","file":"/templates/bert-alert.js.map","sourcesContent":["Template.bertAlert.helpers({\n  alert() { return Session.get( 'bertAlert' ); }\n});\n"]},"hash":"643e82e638ea1d4f32ad346b81326b5ec2394afa"}
