{"metadata":{"modules":{"imports":[],"exports":{"exported":[],"specifiers":[]}},"usedHelpers":[]},"ignored":false,"code":"Template.header.events({\n  'click [data-id=sign-out]': function () {\n    Meteor.logout(function (error) {\n      if (error) {\n        alert(error.reason);\n      } else {\n        FlowRouter.go('/sign-in');\n      }\n    });\n  }\n});","ast":null,"map":{"version":3,"sources":["/client/views/header.js"],"names":[],"mappings":"AAAA,QAAQ,CAAC,MAAM,CAAC,MAAM,CAAC;AACrB,4BAA0B,EAAE,YAAW;AACrC,UAAM,CAAC,MAAM,CAAC,UAAS,KAAK,EAAE;AAC5B,UAAI,KAAK,EAAE;AACT,aAAK,CAAC,KAAK,CAAC,MAAM,CAAC,CAAC;OACrB,MAAM;AACL,kBAAU,CAAC,EAAE,CAAC,UAAU,CAAC,CAAC;OAC3B;KACF,CAAC,CAAC;GACJ;CACF,CAAC,CAAC","file":"/client/views/header.js.map","sourcesContent":["Template.header.events({\n  'click [data-id=sign-out]': function() {\n    Meteor.logout(function(error) {\n      if (error) {\n        alert(error.reason);\n      } else {\n        FlowRouter.go('/sign-in');\n      }\n    });\n  }\n});\n"]},"hash":"751f80fc0af349cc388013f77e5c909c8e80c665"}
