{"metadata":{"modules":{"imports":[],"exports":{"exported":[],"specifiers":[]}},"usedHelpers":[]},"ignored":false,"code":"Meteor.publish(null, function () {\n  if (this.userId) {\n    return Meteor.users.find({ _id: this.userId }, { fields: { biography: 1, followingIds: 1 } });\n  }\n});\n\nMeteor.publish('userStatus', function () {\n  return Meteor.users.find({ 'status.online': true });\n});\n\nMeteor.publishComposite('posts.all', function (query, filter, limit) {\n  var _this = this;\n\n  check(query, String);\n  check(filter, String);\n  check(limit, Number);\n\n  if (this.userId) {\n    var _ret = (function () {\n      var currentUser = Meteor.users.findOne({ _id: _this.userId });\n\n      var parameters = {\n        find: {},\n        options: {}\n      };\n\n      if (filter === 'following') {\n        if (currentUser.followingIds && currentUser.followingIds.length !== 0) {\n          parameters.find.authorId = { $in: currentUser.followingIds };\n        } else {\n          parameters.find.authorId = { $in: [] };\n        }\n      }\n\n      return {\n        v: {\n          find: function () {\n            if (query) {\n              parameters.find.$text = { $search: query };\n              parameters.options = {\n                fields: { score: { $meta: 'textScore' } },\n                sort: { score: { $meta: 'textScore' } },\n                limit: limit\n              };\n            } else {\n              parameters.options = { sort: { createdAt: -1 }, limit: limit };\n            }\n            Counts.publish(_this, 'posts.all', Posts.find(parameters.find), { noReady: true });\n            return Posts.find(parameters.find, parameters.options);\n          },\n          children: [{\n            find: function (post) {\n              return Meteor.users.find({ _id: post.authorId }, { fields: { emails: 1, username: 1 } });\n            }\n          }]\n        }\n      };\n    })();\n\n    if (typeof _ret === 'object') return _ret.v;\n  } else {\n    return [];\n  }\n});\n\nMeteor.publishComposite('reviews.all', function (query, filter, limit) {\n  var _this2 = this;\n\n  check(query, String);\n  check(filter, String);\n  check(limit, Number);\n\n  if (this.userId) {\n    var _ret2 = (function () {\n      var currentUser = Meteor.users.findOne({ _id: _this2.userId });\n\n      var parameters = {\n        find: {},\n        options: {}\n      };\n\n      if (filter === 'following') {\n        if (currentUser.followingIds && currentUser.followingIds.length !== 0) {\n          parameters.find.authorId = { $in: currentUser.followingIds };\n        } else {\n          parameters.find.authorId = { $in: [] };\n        }\n      }\n\n      return {\n        v: {\n          find: function () {\n            if (query) {\n              parameters.find.$text = { $search: query };\n              parameters.options = {\n                fields: { score: { $meta: 'textScore' } },\n                sort: { score: { $meta: 'textScore' } },\n                limit: limit\n              };\n            } else {\n              parameters.options = { sort: { createdAt: -1 }, limit: limit };\n            }\n            Counts.publish(_this2, 'reviews.all', Reviews.find(parameters.find), { noReady: true });\n            return Reviews.find(parameters.find, parameters.options);\n          },\n          children: [{\n            find: function (review) {\n              return Meteor.users.find({ _id: review.authorId }, { fields: { emails: 1, username: 1 } });\n            }\n          }]\n        }\n      };\n    })();\n\n    if (typeof _ret2 === 'object') return _ret2.v;\n  } else {\n    return [];\n  }\n});\n\nMeteor.publishComposite('users.profile', function (_id, limit) {\n  var _this3 = this;\n\n  check(_id, String);\n  check(limit, Number);\n\n  if (this.userId) {\n    return {\n      find: function () {\n        return Meteor.users.find({ _id: _id });\n      },\n      children: [{\n        find: function (user) {\n          Counts.publish(_this3, 'users.profile', Posts.find({ authorId: user._id }), { noReady: true });\n          return Posts.find({ authorId: user._id }, { sort: { createdAt: -1 }, limit: limit });\n        }\n      }]\n    };\n  } else {\n    return [];\n  }\n});\n\nMeteor.publish('users.all', function (query, limit) {\n  check(query, String);\n  check(limit, Number);\n\n  if (this.userId) {\n    if (query) {\n      Counts.publish(this, 'users.all', Meteor.users.find({ $text: { $search: query } }), { noReady: true });\n      return Meteor.users.find({\n        $text: {\n          $search: query\n        }\n      }, {\n        fields: {\n          score: {\n            $meta: 'textScore'\n          }\n        },\n        sort: {\n          score: {\n            $meta: 'textScore'\n          }\n        },\n        limit: limit\n      });\n    } else {\n      Counts.publish(this, 'users.all', Meteor.users.find(), { noReady: true });\n      return Meteor.users.find({}, { sort: { createdAt: -1 }, limit: limit });\n    }\n  } else {\n    return [];\n  }\n});\n\nMeteor.publish('users.following', function () {\n  if (this.userId) {\n    var currentUser = Meteor.users.findOne({ _id: this.userId });\n\n    if (currentUser.followingIds && currentUser.followingIds.length !== 0) {\n      return Meteor.users.find({ _id: { $in: currentUser.followingIds } }, { sort: { username: 1 } });\n    } else {\n      return [];\n    }\n  } else {\n    return [];\n  }\n});\n\nMeteor.publish('users.follower', function () {\n  if (this.userId) {\n    var currentUser = Meteor.users.findOne({ _id: this.userId });\n\n    return Meteor.users.find({ followingIds: { $in: [currentUser._id] } }, { sort: { username: 1 } });\n  } else {\n    return [];\n  }\n});\n\nMeteor.publish('messages.all', function () {\n  if (this.userId) {\n    var currentUser = Meteor.users.findOne({ _id: this.userId });\n\n    return Messages.find({ $or: [{ originatingFromId: currentUser._id }, { originatingToId: currentUser._id }] });\n  } else {\n    return [];\n  }\n});","ast":null,"map":{"version":3,"sources":["/server/publications.js"],"names":[],"mappings":"AAAA,MAAM,CAAC,OAAO,CAAC,IAAI,EAAE,YAAW;AAC9B,MAAI,IAAI,CAAC,MAAM,EAAE;AACf,WAAO,MAAM,CAAC,KAAK,CAAC,IAAI,CAAC,EAAE,GAAG,EAAE,IAAI,CAAC,MAAM,EAAE,EAAE,EAAE,MAAM,EAAE,EAAE,SAAS,EAAE,CAAC,EAAE,YAAY,EAAE,CAAC,EAAE,EAAE,CAAC,CAAC;GAC/F;CACF,CAAC,CAAC;;AAEH,MAAM,CAAC,OAAO,CAAC,YAAY,EAAE,YAAW;AACtC,SAAO,MAAM,CAAC,KAAK,CAAC,IAAI,CAAC,EAAC,eAAe,EAAE,IAAI,EAAE,CAAC,CAAC;CACpD,CAAC,CAAC;;AAEH,MAAM,CAAC,gBAAgB,CAAC,WAAW,EAAE,UAAS,KAAK,EAAE,MAAM,EAAE,KAAK,EAAE;;;AAClE,OAAK,CAAC,KAAK,EAAE,MAAM,CAAC,CAAC;AACrB,OAAK,CAAC,MAAM,EAAE,MAAM,CAAC,CAAC;AACtB,OAAK,CAAC,KAAK,EAAE,MAAM,CAAC,CAAC;;AAErB,MAAI,IAAI,CAAC,MAAM,EAAE;;AACf,UAAI,WAAW,GAAG,MAAM,CAAC,KAAK,CAAC,OAAO,CAAC,EAAE,GAAG,EAAE,MAAK,MAAM,EAAE,CAAC,CAAC;;AAE7D,UAAI,UAAU,GAAG;AACf,YAAI,EAAE,EAAE;AACR,eAAO,EAAE,EAAE;OACZ,CAAC;;AAEF,UAAI,MAAM,KAAK,WAAW,EAAE;AAC1B,YAAI,WAAW,CAAC,YAAY,IAAI,WAAW,CAAC,YAAY,CAAC,MAAM,KAAK,CAAC,EAAE;AACrE,oBAAU,CAAC,IAAI,CAAC,QAAQ,GAAG,EAAE,GAAG,EAAE,WAAW,CAAC,YAAY,EAAE,CAAC;SAC9D,MAAM;AACL,oBAAU,CAAC,IAAI,CAAC,QAAQ,GAAG,EAAE,GAAG,EAAE,EAAE,EAAE,CAAC;SACxC;OACF;;AAED;WAAO;AACL,cAAI,EAAE,YAAM;AACV,gBAAI,KAAK,EAAE;AACT,wBAAU,CAAC,IAAI,CAAC,KAAK,GAAG,EAAE,OAAO,EAAE,KAAK,EAAE,CAAC;AAC3C,wBAAU,CAAC,OAAO,GAAG;AACnB,sBAAM,EAAE,EAAE,KAAK,EAAE,EAAE,KAAK,EAAE,WAAW,EAAE,EAAE;AACzC,oBAAI,EAAE,EAAE,KAAK,EAAE,EAAE,KAAK,EAAE,WAAW,EAAE,EAAE;AACvC,qBAAK,EAAE,KAAK;eACb,CAAC;aACH,MAAM;AACL,wBAAU,CAAC,OAAO,GAAG,EAAE,IAAI,EAAE,EAAE,SAAS,EAAE,CAAC,CAAC,EAAE,EAAE,KAAK,EAAE,KAAK,EAAE,CAAC;aAChE;AACD,kBAAM,CAAC,OAAO,QAAO,WAAW,EAAE,KAAK,CAAC,IAAI,CAAC,UAAU,CAAC,IAAI,CAAC,EAAE,EAAE,OAAO,EAAE,IAAI,EAAE,CAAC,CAAC;AAClF,mBAAO,KAAK,CAAC,IAAI,CAAC,UAAU,CAAC,IAAI,EAAE,UAAU,CAAC,OAAO,CAAC,CAAC;WACxD;AACD,kBAAQ,EAAE,CACR;AACE,gBAAI,EAAE,UAAC,IAAI,EAAK;AACd,qBAAO,MAAM,CAAC,KAAK,CAAC,IAAI,CAAC,EAAE,GAAG,EAAE,IAAI,CAAC,QAAQ,EAAE,EAAE,EAAE,MAAM,EAAE,EAAE,MAAM,EAAE,CAAC,EAAE,QAAQ,EAAE,CAAC,EAAE,EAAE,CAAC,CAAC;aAC1F;WACF,CACF;SACF;QAAC;;;;GACH,MAAM;AACL,WAAO,EAAE,CAAC;GACX;CACF,CAAC,CAAC;;AAEH,MAAM,CAAC,gBAAgB,CAAC,aAAa,EAAE,UAAS,KAAK,EAAE,MAAM,EAAE,KAAK,EAAE;;;AACpE,OAAK,CAAC,KAAK,EAAE,MAAM,CAAC,CAAC;AACrB,OAAK,CAAC,MAAM,EAAE,MAAM,CAAC,CAAC;AACtB,OAAK,CAAC,KAAK,EAAE,MAAM,CAAC,CAAC;;AAErB,MAAI,IAAI,CAAC,MAAM,EAAE;;AACf,UAAI,WAAW,GAAG,MAAM,CAAC,KAAK,CAAC,OAAO,CAAC,EAAE,GAAG,EAAE,OAAK,MAAM,EAAE,CAAC,CAAC;;AAE7D,UAAI,UAAU,GAAG;AACf,YAAI,EAAE,EAAE;AACR,eAAO,EAAE,EAAE;OACZ,CAAC;;AAEF,UAAI,MAAM,KAAK,WAAW,EAAE;AAC1B,YAAI,WAAW,CAAC,YAAY,IAAI,WAAW,CAAC,YAAY,CAAC,MAAM,KAAK,CAAC,EAAE;AACrE,oBAAU,CAAC,IAAI,CAAC,QAAQ,GAAG,EAAE,GAAG,EAAE,WAAW,CAAC,YAAY,EAAE,CAAC;SAC9D,MAAM;AACL,oBAAU,CAAC,IAAI,CAAC,QAAQ,GAAG,EAAE,GAAG,EAAE,EAAE,EAAE,CAAC;SACxC;OACF;;AAED;WAAO;AACD,cAAI,EAAE,YAAM;AACZ,gBAAI,KAAK,EAAE;AACT,wBAAU,CAAC,IAAI,CAAC,KAAK,GAAG,EAAE,OAAO,EAAE,KAAK,EAAE,CAAC;AAC3C,wBAAU,CAAC,OAAO,GAAG;AACnB,sBAAM,EAAE,EAAE,KAAK,EAAE,EAAE,KAAK,EAAE,WAAW,EAAE,EAAE;AACzC,oBAAI,EAAE,EAAE,KAAK,EAAE,EAAE,KAAK,EAAE,WAAW,EAAE,EAAE;AACvC,qBAAK,EAAE,KAAK;eACb,CAAC;aACH,MAAM;AACL,wBAAU,CAAC,OAAO,GAAG,EAAE,IAAI,EAAE,EAAE,SAAS,EAAE,CAAC,CAAC,EAAE,EAAE,KAAK,EAAE,KAAK,EAAE,CAAC;aACxE;AACC,kBAAM,CAAC,OAAO,SAAO,aAAa,EAAE,OAAO,CAAC,IAAI,CAAC,UAAU,CAAC,IAAI,CAAC,EAAE,EAAE,OAAO,EAAE,IAAI,EAAE,CAAC,CAAC;AACtF,mBAAO,OAAO,CAAC,IAAI,CAAC,UAAU,CAAC,IAAI,EAAE,UAAU,CAAC,OAAO,CAAC,CAAC;WAC1D;AACC,kBAAQ,EAAE,CACR;AACE,gBAAI,EAAE,UAAC,MAAM,EAAK;AAClB,qBAAO,MAAM,CAAC,KAAK,CAAC,IAAI,CAAC,EAAE,GAAG,EAAE,MAAM,CAAC,QAAQ,EAAE,EAAE,EAAE,MAAM,EAAE,EAAE,MAAM,EAAE,CAAC,EAAE,QAAQ,EAAE,CAAC,EAAE,EAAE,CAAC,CAAC;aAChG;WACA,CACA;SACA;QAAC;;;;GACD,MAAM;AACL,WAAO,EAAE,CAAC;GACX;CACF,CAAC,CAAC;;AAEH,MAAM,CAAC,gBAAgB,CAAC,eAAe,EAAE,UAAS,GAAG,EAAE,KAAK,EAAE;;;AAC5D,OAAK,CAAC,GAAG,EAAE,MAAM,CAAC,CAAC;AACnB,OAAK,CAAC,KAAK,EAAE,MAAM,CAAC,CAAC;;AAErB,MAAI,IAAI,CAAC,MAAM,EAAE;AACf,WAAO;AACL,UAAI,EAAE,YAAM;AACV,eAAO,MAAM,CAAC,KAAK,CAAC,IAAI,CAAC,EAAE,GAAG,EAAE,GAAG,EAAE,CAAC,CAAC;OACxC;AACD,cAAQ,EAAE,CACR;AACE,YAAI,EAAE,UAAC,IAAI,EAAK;AACd,gBAAM,CAAC,OAAO,SAAO,eAAe,EAAE,KAAK,CAAC,IAAI,CAAC,EAAE,QAAQ,EAAE,IAAI,CAAC,GAAG,EAAE,CAAC,EAAE,EAAE,OAAO,EAAE,IAAI,EAAE,CAAC,CAAC;AAC7F,iBAAO,KAAK,CAAC,IAAI,CAAC,EAAE,QAAQ,EAAE,IAAI,CAAC,GAAG,EAAE,EAAE,EAAE,IAAI,EAAE,EAAE,SAAS,EAAE,CAAC,CAAC,EAAE,EAAE,KAAK,EAAE,KAAK,EAAE,CAAC,CAAC;SACtF;OACF,CACF;KACF,CAAC;GACH,MAAM;AACL,WAAO,EAAE,CAAC;GACX;CACF,CAAC,CAAC;;AAEH,MAAM,CAAC,OAAO,CAAC,WAAW,EAAE,UAAS,KAAK,EAAE,KAAK,EAAE;AACjD,OAAK,CAAC,KAAK,EAAE,MAAM,CAAC,CAAC;AACrB,OAAK,CAAC,KAAK,EAAE,MAAM,CAAC,CAAC;;AAErB,MAAI,IAAI,CAAC,MAAM,EAAE;AACf,QAAI,KAAK,EAAE;AACT,YAAM,CAAC,OAAO,CAAC,IAAI,EAAE,WAAW,EAAE,MAAM,CAAC,KAAK,CAAC,IAAI,CAAC,EAAE,KAAK,EAAE,EAAE,OAAO,EAAE,KAAK,EAAE,EAAE,CAAC,EAAE,EAAE,OAAO,EAAE,IAAI,EAAE,CAAC,CAAC;AACvG,aAAO,MAAM,CAAC,KAAK,CAAC,IAAI,CACtB;AACE,aAAK,EAAE;AACL,iBAAO,EAAE,KAAK;SACf;OACF,EACD;AACE,cAAM,EAAE;AACN,eAAK,EAAE;AACL,iBAAK,EAAE,WAAW;WACnB;SACF;AACD,YAAI,EAAE;AACJ,eAAK,EAAE;AACL,iBAAK,EAAE,WAAW;WACnB;SACF;AACD,aAAK,EAAE,KAAK;OACb,CACF,CAAC;KACH,MAAM;AACL,YAAM,CAAC,OAAO,CAAC,IAAI,EAAE,WAAW,EAAE,MAAM,CAAC,KAAK,CAAC,IAAI,EAAE,EAAE,EAAE,OAAO,EAAE,IAAI,EAAE,CAAC,CAAC;AAC1E,aAAO,MAAM,CAAC,KAAK,CAAC,IAAI,CAAC,EAAE,EAAE,EAAE,IAAI,EAAE,EAAE,SAAS,EAAE,CAAC,CAAC,EAAE,EAAE,KAAK,EAAE,KAAK,EAAE,CAAC,CAAC;KACzE;GACF,MAAM;AACL,WAAO,EAAE,CAAC;GACX;CACF,CAAC,CAAC;;AAEH,MAAM,CAAC,OAAO,CAAC,iBAAiB,EAAE,YAAW;AAC3C,MAAI,IAAI,CAAC,MAAM,EAAE;AACf,QAAI,WAAW,GAAG,MAAM,CAAC,KAAK,CAAC,OAAO,CAAC,EAAE,GAAG,EAAE,IAAI,CAAC,MAAM,EAAE,CAAC,CAAC;;AAE7D,QAAI,WAAW,CAAC,YAAY,IAAI,WAAW,CAAC,YAAY,CAAC,MAAM,KAAK,CAAC,EAAE;AACrE,aAAO,MAAM,CAAC,KAAK,CAAC,IAAI,CAAC,EAAE,GAAG,EAAE,EAAE,GAAG,EAAE,WAAW,CAAC,YAAY,EAAE,EAAE,EAAE,EAAE,IAAI,EAAE,EAAE,QAAQ,EAAE,CAAC,EAAE,EAAE,CAAC,CAAC;KACjG,MAAM;AACL,aAAO,EAAE,CAAC;KACX;GACF,MAAM;AACL,WAAO,EAAE,CAAC;GACX;CACF,CAAC,CAAC;;AAEH,MAAM,CAAC,OAAO,CAAC,gBAAgB,EAAE,YAAW;AAC1C,MAAI,IAAI,CAAC,MAAM,EAAE;AACf,QAAI,WAAW,GAAG,MAAM,CAAC,KAAK,CAAC,OAAO,CAAC,EAAE,GAAG,EAAE,IAAI,CAAC,MAAM,EAAE,CAAC,CAAC;;AAE7D,WAAO,MAAM,CAAC,KAAK,CAAC,IAAI,CAAC,EAAE,YAAY,EAAE,EAAE,GAAG,EAAE,CAAC,WAAW,CAAC,GAAG,CAAC,EAAE,EAAE,EAAE,EAAE,IAAI,EAAE,EAAE,QAAQ,EAAE,CAAC,EAAE,EAAE,CAAC,CAAC;GACnG,MAAM;AACL,WAAO,EAAE,CAAC;GACX;CACF,CAAC,CAAC;;AAEH,MAAM,CAAC,OAAO,CAAC,cAAc,EAAE,YAAW;AACxC,MAAI,IAAI,CAAC,MAAM,EAAE;AACf,QAAI,WAAW,GAAG,MAAM,CAAC,KAAK,CAAC,OAAO,CAAC,EAAC,GAAG,EAAE,IAAI,CAAC,MAAM,EAAC,CAAC,CAAC;;AAE3D,WAAO,QAAQ,CAAC,IAAI,CAAC,EAAE,GAAG,EAAE,CAAC,EAAE,iBAAiB,EAAE,WAAW,CAAC,GAAG,EAAE,EAAE,EAAC,eAAe,EAAE,WAAW,CAAC,GAAG,EAAE,CAAC,EAAE,CAAC,CAAC;GAC9G,MAAM;AACL,WAAO,EAAE,CAAC;GACX;CACF,CAAC,CAAC","file":"/server/publications.js.map","sourcesContent":["Meteor.publish(null, function() {\n  if (this.userId) {\n    return Meteor.users.find({ _id: this.userId }, { fields: { biography: 1, followingIds: 1 } });\n  }\n});\n\nMeteor.publish('userStatus', function() {\n  return Meteor.users.find({'status.online': true });\n});\n\nMeteor.publishComposite('posts.all', function(query, filter, limit) {\n  check(query, String);\n  check(filter, String);\n  check(limit, Number);\n\n  if (this.userId) {\n    let currentUser = Meteor.users.findOne({ _id: this.userId });\n\n    let parameters = {\n      find: {},\n      options: {}\n    };\n\n    if (filter === 'following') {\n      if (currentUser.followingIds && currentUser.followingIds.length !== 0) {\n        parameters.find.authorId = { $in: currentUser.followingIds };\n      } else {\n        parameters.find.authorId = { $in: [] };\n      }\n    }\n\n    return {\n      find: () => {\n        if (query) {\n          parameters.find.$text = { $search: query };\n          parameters.options = {\n            fields: { score: { $meta: 'textScore' } },\n            sort: { score: { $meta: 'textScore' } },\n            limit: limit\n          };\n        } else {\n          parameters.options = { sort: { createdAt: -1 }, limit: limit };\n        }\n        Counts.publish(this, 'posts.all', Posts.find(parameters.find), { noReady: true });\n        return Posts.find(parameters.find, parameters.options);\n      },\n      children: [\n        {\n          find: (post) => {\n            return Meteor.users.find({ _id: post.authorId }, { fields: { emails: 1, username: 1 } });\n          }\n        }\n      ]\n    };\n  } else {\n    return [];\n  }\n});\n\nMeteor.publishComposite('reviews.all', function(query, filter, limit) {\n  check(query, String);\n  check(filter, String);\n  check(limit, Number);\n\n  if (this.userId) {\n    let currentUser = Meteor.users.findOne({ _id: this.userId });\n\n    let parameters = {\n      find: {},\n      options: {}\n    };\n\n    if (filter === 'following') {\n      if (currentUser.followingIds && currentUser.followingIds.length !== 0) {\n        parameters.find.authorId = { $in: currentUser.followingIds };\n      } else {\n        parameters.find.authorId = { $in: [] };\n      }\n    }\n\n    return {\n          find: () => {\n          if (query) {\n            parameters.find.$text = { $search: query };\n            parameters.options = {\n              fields: { score: { $meta: 'textScore' } },\n              sort: { score: { $meta: 'textScore' } },\n              limit: limit\n            };\n          } else {\n            parameters.options = { sort: { createdAt: -1 }, limit: limit };\n  }\n    Counts.publish(this, 'reviews.all', Reviews.find(parameters.find), { noReady: true });\n    return Reviews.find(parameters.find, parameters.options);\n  },\n    children: [\n      {\n        find: (review) => {\n        return Meteor.users.find({ _id: review.authorId }, { fields: { emails: 1, username: 1 } });\n  }\n  }\n  ]\n  };\n  } else {\n    return [];\n  }\n});\n\nMeteor.publishComposite('users.profile', function(_id, limit) {\n  check(_id, String);\n  check(limit, Number);\n\n  if (this.userId) {\n    return {\n      find: () => {\n        return Meteor.users.find({ _id: _id });\n      },\n      children: [\n        {\n          find: (user) => {\n            Counts.publish(this, 'users.profile', Posts.find({ authorId: user._id }), { noReady: true });\n            return Posts.find({ authorId: user._id }, { sort: { createdAt: -1 }, limit: limit });\n          }\n        }\n      ]\n    };\n  } else {\n    return [];\n  }\n});\n\nMeteor.publish('users.all', function(query, limit) {\n  check(query, String);\n  check(limit, Number);\n\n  if (this.userId) {\n    if (query) {\n      Counts.publish(this, 'users.all', Meteor.users.find({ $text: { $search: query } }), { noReady: true });\n      return Meteor.users.find(\n        {\n          $text: {\n            $search: query\n          }\n        },\n        {\n          fields: {\n            score: {\n              $meta: 'textScore'\n            }\n          },\n          sort: {\n            score: {\n              $meta: 'textScore'\n            }\n          },\n          limit: limit\n        }\n      );\n    } else {\n      Counts.publish(this, 'users.all', Meteor.users.find(), { noReady: true });\n      return Meteor.users.find({}, { sort: { createdAt: -1 }, limit: limit });\n    }\n  } else {\n    return [];\n  }\n});\n\nMeteor.publish('users.following', function() {\n  if (this.userId) {\n    let currentUser = Meteor.users.findOne({ _id: this.userId });\n\n    if (currentUser.followingIds && currentUser.followingIds.length !== 0) {\n      return Meteor.users.find({ _id: { $in: currentUser.followingIds } }, { sort: { username: 1 } });\n    } else {\n      return [];\n    }\n  } else {\n    return [];\n  }\n});\n\nMeteor.publish('users.follower', function() {\n  if (this.userId) {\n    let currentUser = Meteor.users.findOne({ _id: this.userId });\n\n    return Meteor.users.find({ followingIds: { $in: [currentUser._id] } }, { sort: { username: 1 } });\n  } else {\n    return [];\n  }\n});\n\nMeteor.publish('messages.all', function() {\n  if (this.userId) {\n    let currentUser = Meteor.users.findOne({_id: this.userId});\n\n    return Messages.find({ $or: [{ originatingFromId: currentUser._id }, {originatingToId: currentUser._id }] });\n  } else {\n    return [];\n  }\n});\n"]},"hash":"8261e5a67345adc6ea89448c6e4970aa974d6dcc"}
