{"metadata":{"modules":{"imports":[],"exports":{"exported":[],"specifiers":[]}},"usedHelpers":[]},"ignored":false,"code":"Posts._ensureIndex({\n  body: 'text'\n});\n\nMeteor.users._ensureIndex({\n  username: 'text'\n});","ast":null,"map":{"version":3,"sources":["/server/indexes.js"],"names":[],"mappings":"AAAA,KAAK,CAAC,YAAY,CAAC;AACjB,MAAI,EAAE,MAAM;CACb,CAAC,CAAC;;AAEH,MAAM,CAAC,KAAK,CAAC,YAAY,CAAC;AACxB,UAAQ,EAAE,MAAM;CACjB,CAAC,CAAC","file":"/server/indexes.js.map","sourcesContent":["Posts._ensureIndex({\n  body: 'text'\n});\n\nMeteor.users._ensureIndex({\n  username: 'text'\n});\n"]},"hash":"9543d0a151ee339e958c59521a01389d801175b3"}
