{"metadata":{"modules":{"imports":[],"exports":{"exported":[],"specifiers":[]}},"usedHelpers":[]},"ignored":false,"code":"UI.registerHelper('simpleFormat', function (text) {\n  if (!text) {\n    return;\n  }\n  var carriage_returns, linkify, newline, paragraphs;\n  linkify = function (string) {\n    var re;\n    re = [\"\\\\b((?:https?|ftp)://[^\\\\s\\\"'<>]+)\\\\b\", \"\\\\b(www\\\\.[^\\\\s\\\"'<>]+)\\\\b\", \"\\\\b(\\\\w[\\\\w.+-]*@[\\\\w.-]+\\\\.[a-z]{2,6})\\\\b\", \"@([a-z0-9]+)\"];\n    re = new RegExp(re.join('|'), 'gi');\n    return string.replace(re, function (match, url, www, mail, username) {\n      if (url) {\n        return '<a href=\"' + url + '\" target=\"_blank\">' + url + '</a>';\n      }\n      if (www) {\n        return '<a href=\"http://' + www + '\" target=\"_blank\">' + www + '</a>';\n      }\n      if (mail) {\n        return '<a href=\"mailto:' + mail + '\">' + mail + '</a>';\n      }\n      if (username) {\n        if (Meteor.user().username === username) {\n          return '<span class=\"highlight-username\">@' + username + '</span>';\n        }\n        return '@' + username;\n      }\n      return match;\n    });\n  };\n  text = linkify(text);\n  carriage_returns = /\\r\\n?/g;\n  paragraphs = /\\n\\n+/g;\n  newline = /([^\\n]\\n)(?=[^\\n])/g;\n  text = text.replace(carriage_returns, '\\n');\n  text = text.replace(paragraphs, '</p>\\n\\n<p>');\n  text = text.replace(newline, '$1<br/>');\n  text = '<p>' + text + '</p>';\n  return new Spacebars.SafeString(text);\n});\n\nUI.registerHelper('formatDate', function (date) {\n  return moment(date).format('LL');\n});\n\n/*\n * Full time format\n */\nUI.registerHelper('fullTimeDate', function (date) {\n  return moment(date).format('HH:mm:ss, LL');\n});\n\nTemplate.registerHelper('instance', function () {\n  return Template.instance();\n});","ast":null,"map":{"version":3,"sources":["/client/lib/spacebars.js"],"names":[],"mappings":"AAAA,EAAE,CAAC,cAAc,CAAC,cAAc,EAAE,UAAC,IAAI,EAAK;AAC1C,MAAI,CAAC,IAAI,EAAE;AACT,WAAO;GACR;AACD,MAAI,gBAAgB,EAAE,OAAO,EAAE,OAAO,EAAE,UAAU,CAAC;AACnD,SAAO,GAAG,UAAC,MAAM,EAAK;AACpB,QAAI,EAAE,CAAC;AACP,MAAE,GAAG,CACH,uCAAuC,EACvC,4BAA4B,EAC5B,4CAA4C,EAC5C,cAAc,CACf,CAAC;AACF,MAAE,GAAG,IAAI,MAAM,CAAC,EAAE,CAAC,IAAI,CAAC,GAAG,CAAC,EAAE,IAAI,CAAC,CAAC;AACpC,WAAO,MAAM,CAAC,OAAO,CAAC,EAAE,EAAE,UAAC,KAAK,EAAE,GAAG,EAAE,GAAG,EAAE,IAAI,EAAE,QAAQ,EAAK;AAC7D,UAAI,GAAG,EAAE;AACP,eAAO,WAAW,GAAG,GAAG,GAAG,oBAAoB,GAAG,GAAG,GAAG,MAAM,CAAC;OAChE;AACD,UAAI,GAAG,EAAE;AACP,eAAO,kBAAkB,GAAG,GAAG,GAAG,oBAAoB,GAAG,GAAG,GAAG,MAAM,CAAC;OACvE;AACD,UAAI,IAAI,EAAE;AACR,eAAO,kBAAkB,GAAG,IAAI,GAAG,IAAI,GAAG,IAAI,GAAG,MAAM,CAAC;OACzD;AACD,UAAI,QAAQ,EAAE;AACZ,YAAI,MAAM,CAAC,IAAI,EAAE,CAAC,QAAQ,KAAK,QAAQ,EAAE;AACvC,iBAAO,oCAAoC,GAAG,QAAQ,GAAG,SAAS,CAAC;SACpE;AACD,eAAO,GAAG,GAAG,QAAQ,CAAC;OACvB;AACD,aAAO,KAAK,CAAC;KACd,CAAC,CAAC;GACJ,CAAC;AACF,MAAI,GAAG,OAAO,CAAC,IAAI,CAAC,CAAC;AACrB,kBAAgB,GAAG,QAAQ,CAAC;AAC5B,YAAU,GAAG,QAAQ,CAAC;AACtB,SAAO,GAAG,qBAAqB,CAAC;AAChC,MAAI,GAAG,IAAI,CAAC,OAAO,CAAC,gBAAgB,EAAE,IAAI,CAAC,CAAC;AAC5C,MAAI,GAAG,IAAI,CAAC,OAAO,CAAC,UAAU,EAAE,aAAa,CAAC,CAAC;AAC/C,MAAI,GAAG,IAAI,CAAC,OAAO,CAAC,OAAO,EAAE,SAAS,CAAC,CAAC;AACxC,MAAI,GAAG,KAAK,GAAG,IAAI,GAAG,MAAM,CAAC;AAC7B,SAAO,IAAI,SAAS,CAAC,UAAU,CAAC,IAAI,CAAC,CAAC;CACvC,CAAC,CAAC;;AAEH,EAAE,CAAC,cAAc,CAAC,YAAY,EAAE,UAAC,IAAI,EAAK;AACxC,SAAO,MAAM,CAAC,IAAI,CAAC,CAAC,MAAM,CAAC,IAAI,CAAC,CAAC;CAClC,CAAC,CAAC;;;;;AAKH,EAAE,CAAC,cAAc,CAAC,cAAc,EAAE,UAAC,IAAI,EAAK;AAC1C,SAAO,MAAM,CAAC,IAAI,CAAC,CAAC,MAAM,CAAC,cAAc,CAAC,CAAC;CAC5C,CAAC,CAAC;;AAEH,QAAQ,CAAC,cAAc,CAAC,UAAU,EAAE;SAAM,QAAQ,CAAC,QAAQ,EAAE;CAAA,CAAC,CAAC","file":"/client/lib/spacebars.js.map","sourcesContent":["UI.registerHelper('simpleFormat', (text) => {\n  if (!text) {\n    return;\n  }\n  var carriage_returns, linkify, newline, paragraphs;\n  linkify = (string) => {\n    var re;\n    re = [\n      \"\\\\b((?:https?|ftp)://[^\\\\s\\\"'<>]+)\\\\b\",\n      \"\\\\b(www\\\\.[^\\\\s\\\"'<>]+)\\\\b\",\n      \"\\\\b(\\\\w[\\\\w.+-]*@[\\\\w.-]+\\\\.[a-z]{2,6})\\\\b\",\n      \"@([a-z0-9]+)\"\n    ];\n    re = new RegExp(re.join('|'), 'gi');\n    return string.replace(re, (match, url, www, mail, username) => {\n      if (url) {\n        return '<a href=\"' + url + '\" target=\"_blank\">' + url + '</a>';\n      }\n      if (www) {\n        return '<a href=\"http://' + www + '\" target=\"_blank\">' + www + '</a>';\n      }\n      if (mail) {\n        return '<a href=\"mailto:' + mail + '\">' + mail + '</a>';\n      }\n      if (username) {\n        if (Meteor.user().username === username) {\n          return '<span class=\"highlight-username\">@' + username + '</span>';\n        }\n        return '@' + username;\n      }\n      return match;\n    });\n  };\n  text = linkify(text);\n  carriage_returns = /\\r\\n?/g;\n  paragraphs = /\\n\\n+/g;\n  newline = /([^\\n]\\n)(?=[^\\n])/g;\n  text = text.replace(carriage_returns, '\\n');\n  text = text.replace(paragraphs, '</p>\\n\\n<p>');\n  text = text.replace(newline, '$1<br/>');\n  text = '<p>' + text + '</p>';\n  return new Spacebars.SafeString(text);\n});\n\nUI.registerHelper('formatDate', (date) => {\n  return moment(date).format('LL');\n});\n\n/*\n * Full time format\n */\nUI.registerHelper('fullTimeDate', (date) => {\n  return moment(date).format('HH:mm:ss, LL');\n});\n\nTemplate.registerHelper('instance', () => Template.instance());\n"]},"hash":"e48a7a986111961494e9ec0066b1a6429cd7098d"}
