{"metadata":{"modules":{"imports":[],"exports":{"exported":[],"specifiers":[]}},"usedHelpers":[]},"ignored":false,"code":"/* Function to check if view passed in is the current view */\nfunction isCurrentView(v) {\n  if (Session.get('currentView') === v) {\n    return true;\n  } else {\n    return false;\n  }\n}\n\n/* Function to get the userId of the other user (not current user) */\nfunction getOtherUserId(fromId, toId) {\n  if (fromId === Meteor.userId()) {\n    return toId;\n  } else {\n    return fromId;\n  }\n}\n\n/* Function to get the username of the other user (not current user) */\nfunction getOtherUsername(fromName, toName) {\n  if (fromName === Meteor.user().username) {\n    Session.set('originating', 'from');\n    return toName;\n  } else {\n    Session.set('originating', 'to');\n    return fromName;\n  }\n}\n\n/* Function to format the passed in date */\nfunction performFormatting(date) {\n  var currDate = moment(new Date()),\n      msgDate = moment(new Date(date));\n\n  var diff = currDate.diff(msgDate, 'days');\n\n  if (diff === 0 && currDate.day() === msgDate.day()) {\n    return moment(date).format('h:mm a');\n  } else if (diff < 7 && currDate.day() !== msgDate.day()) {\n    return moment(date).format('dddd');\n  } else {\n    if (currDate.year() != msgDate.year()) {\n      return moment(date).format('MM/DD/YY');\n    } else {\n      return moment(date).format('MMM DD');\n    }\n  }\n}\n\n/* Helper function available to all templates that calls getOtherUsername */\nTemplate.registerHelper('getOtherUsername', function (fromName, toName) {\n  return getOtherUsername(fromName, toName);\n});\n\n/* On messages template created */\nTemplate.messages.onCreated(function () {\n  var _this = this;\n\n  this.searchQuery = new ReactiveVar('');\n  this.limit = new ReactiveVar(20);\n  this.usersCount = new ReactiveVar(0);\n\n  this.autorun(function () {\n    //Set subscriptions\n    _this.subscribe('users.all', _this.searchQuery.get(), _this.limit.get());\n    _this.usersCount.set(Counts.get('users.all'));\n    _this.subscribe('messages.all');\n\n    //Set session variables\n    Session.set('currentView', 'allMessages');\n    Session.set('selectedMsg', '');\n    Session.set('originating', '');\n    $('#allMessagesButton').addClass('active');\n  });\n});\n\n/* messages template helpers */\nTemplate.messages.helpers({\n  showAllMessages: function () {\n    return isCurrentView('allMessages');\n  },\n  showSingleMessage: function () {\n    return isCurrentView('singleMessage');\n  },\n  showCompose: function () {\n    return isCurrentView('compose');\n  }\n});\n\n/* messages template events */\nTemplate.messages.events({\n  'click #allMessagesButton, click #composeButton': function (event, template) {\n    //Set template based on button that was clicked\n    $('button').removeClass('active');\n    $('#' + event.target.id).addClass('active');\n    Session.set('currentView', event.target.id.toString().replace('Button', ''));\n  }\n});\n\n/* allMessages helpers */\nTemplate.allMessages.helpers({\n  getAllMessages: function () {\n    //Find all messages that current user is involved in\n    return Messages.find({ $or: [{ 'originatingFromId': Meteor.userId(), 'conversation.originatingFromDeleted': false }, { 'originatingToId': Meteor.userId(), 'conversation.originatingToDeleted': false }] }, { sort: { 'conversation.sentOn': -1 } });\n  },\n  messagesEmpty: function () {\n    //Check if current user has any messages\n    if (Messages.find({ $or: [{ 'originatingFromId': Meteor.userId(), 'conversation.originatingFromDeleted': false }, { 'originatingToId': Meteor.userId(), 'conversation.originatingToDeleted': false }] }).count() === 0) {\n      return true;\n    } else {\n      return false;\n    }\n  },\n  formatDate: function (conversation) {\n    if (conversation.length > 0) {\n      var date = conversation[conversation.length - 1].sentOn;\n\n      return performFormatting(date);\n    }\n  },\n  getMostRecentBody: function (conversation) {\n    if (conversation.length > 0) {\n      return conversation[conversation.length - 1].body;\n    }\n  },\n  getMostRecentRead: function (conversation) {\n    //Determine if message has been read\n    if (conversation.length > 0) {\n      if (conversation[conversation.length - 1].to.userId === Meteor.userId()) {\n        if (!conversation[conversation.length - 1].to.read) {\n          return 'notRead';\n        }\n      }\n    }\n\n    return '';\n  }\n});\n\n/* allMessages template events */\nTemplate.allMessages.events({\n  'click .msg': function (event, template) {\n    //Make sure selected message exists\n    var selectedMsg = Messages.findOne({ _id: event.currentTarget.id });\n    if (selectedMsg) {\n      if (selectedMsg.conversation[selectedMsg.conversation.length - 1].to.userId === Meteor.userId()) {\n        //Check if most recent message is TO the current user\n        if (!selectedMsg.conversation[selectedMsg.conversation.length - 1].to.read) {\n          //Update read field to true\n          Meteor.call('messages.updateRead', selectedMsg._id, true, function (error, result) {\n            //Do nothing\n          });\n        }\n      }\n    }\n\n    //Set current view to singleMssage template\n    $('button').removeClass('active');\n    Session.set('selectedMsg', event.currentTarget.id);\n    Session.set('currentView', 'singleMessage');\n  },\n  'click .remove-message': function (event, template) {\n    event.stopPropagation();\n\n    //Sweet Alert delete confirmation\n    swal({\n      title: 'Delete message?',\n      text: 'Are you sure that you want to delete this message?',\n      type: 'error',\n      showCancelButton: true,\n      closeOnConfirm: true,\n      cancelButtonText: 'No',\n      confirmButtonText: 'Yes, delete it!',\n      confirmButtonColor: '#da5347'\n    }, function () {\n      //Get the id of the message to be deleted\n      var msgId = event.currentTarget.parentNode.parentNode.id;\n\n      //Make sure message exists\n      var msg = Messages.findOne({ '_id': msgId });\n      var whoDeleted = undefined;\n\n      //If message exists\n      if (msg) {\n        //Set deleted correctly\n        if (msg.originatingFromId === Meteor.userId()) {\n          whoDeleted = 'from';\n        } else {\n          whoDeleted = 'to';\n        }\n\n        //Remove selected message\n        Meteor.call('messages.remove', msgId, whoDeleted, function (error, result) {\n          if (error) {\n            Bert.alert('Message couldn\\'t be deleted.', 'danger', 'growl-top-right');\n          } else {\n            Bert.alert('Message deleted', 'success', 'growl-top-right');\n          }\n        });\n      } else {\n        Bert.alert('Message couldn\\'t be deleted.', 'danger', 'growl-top-right');\n      }\n    });\n  }\n});\n\n/* singleMessage template on rendered */\nTemplate.singleMessage.onRendered(function () {\n  //Move to bottom of div so most recent message is shown\n  $('#singleMessageArea').scrollTop($('#singleMessageArea')[0].scrollHeight);\n\n  //Set focus to the reply body text area\n  $('[data-id=reply-body]').focus();\n\n  //Set submit button to disabled since text field is empty\n  $('[data-id=reply-submit]').addClass('disabled');\n});\n\n/* singleMessage template helpers */\nTemplate.singleMessage.helpers({\n  getSingleMessage: function () {\n    return Messages.findOne({ '_id': Session.get('selectedMsg') });\n  },\n  showMessage: function (originatingFromDeleted, originatingToDeleted) {\n    //Don't show messages that have been previously deleted\n    if (Session.equals('originating', 'from')) {\n      return !originatingFromDeleted;\n    } else {\n      return !originatingToDeleted;\n    }\n  },\n  fromOtherUser: function (from, to) {\n    if (from.userId !== Meteor.userId()) {\n      return true;\n    } else {\n      return false;\n    }\n  },\n  formatDate: function (date) {\n    return performFormatting(date);\n  }\n});\n\n/* singleMessage template events */\nTemplate.singleMessage.events({\n  'keyup [data-id=reply-body]': function (event, template) {\n    //If reply section has text enable the submit button, else disable it\n    if (template.find('[data-id=reply-body]').value.toString().trim() !== '') {\n      $('[data-id=reply-submit]').removeClass('disabled');\n    } else {\n      $('[data-id=reply-submit]').addClass('disabled');\n    }\n  },\n  'submit [data-id=reply-message-form]': function (event, template) {\n    event.preventDefault();\n\n    //Only continue if button isn't disabled\n    if (!$('[data-id=reply-submit]').hasClass('disabled')) {\n      var body = template.find('[data-id=reply-body]').value,\n          currMessage = Messages.findOne({ _id: Session.get('selectedMsg') }),\n          toUserId = getOtherUserId(currMessage.originatingFromId, currMessage.originatingToId),\n          fieldEmpty = false;\n\n      //Make sure fields arent empty\n      if (!body.toString().trim()) {\n        fieldEmpty = true;\n        Bert.alert('Please enter a message.', 'danger', 'growl-top-right');\n      }\n      if (!fieldEmpty && !toUserId) {\n        fieldEmpty = true;\n        Bert.alert('Error sending message.', 'danger', 'growl-top-right');\n      }\n\n      //Continue if the fields aren't empty\n      if (!fieldEmpty) {\n        //Add reply to the conversation array of the existing message\n        Meteor.call('messages.addMessage', Session.get('selectedMsg'), toUserId, body, function (error, result) {\n          if (error) {\n            Bert.alert(error.reason, 'danger', 'growl-top-right');\n          } else {\n            //Display success message and reset form values\n            Bert.alert('Message sent', 'success', 'growl-top-right');\n            template.find('[data-id=reply-body]').value = '';\n\n            //Scroll to bottom of message area, set focus back to reply text area, and disable submit button\n            $('#singleMessageArea').scrollTop($('#singleMessageArea')[0].scrollHeight);\n            $('[data-id=reply-body]').focus();\n            $('[data-id=reply-submit]').addClass('disabled');\n          }\n        });\n      }\n    }\n  }\n});\n\n/* compose template on rendered */\nTemplate.compose.onRendered(function () {\n  //Set focus to the to text area\n  $('[data-id=message-to]').focus();\n\n  //Set submit button to disabled since text fields are empty\n  $('[data-id=message-submit]').addClass('disabled');\n});\n\n/* compose template helpers */\nTemplate.compose.helpers({\n  //Settings for autocomplete To field\n  settings: function () {\n    return {\n      position: 'bottom',\n      limit: 5,\n      rules: [{\n        collection: Meteor.users,\n        field: 'username',\n        template: Template.userList,\n        filter: { _id: { $ne: Meteor.userId() } }\n      }]\n    };\n  }\n});\n\n/* compose template events */\nTemplate.compose.events({\n  'keyup [data-id=message-to], keyup [data-id=message-body]': function (event, template) {\n    //If to and body sections have text enable the submit button, else disable it\n    if (template.find('[data-id=message-to]').value.toString().trim() !== '' && template.find('[data-id=message-body]').value.toString().trim() !== '') {\n      $('[data-id=message-submit]').removeClass('disabled');\n    } else {\n      $('[data-id=message-submit]').addClass('disabled');\n    }\n  },\n\n  'submit [data-id=send-message-form]': function (event, template) {\n    event.preventDefault();\n\n    //Only continue if button isn't disabled\n    if (!$('[data-id=message-submit]').hasClass('disabled')) {\n      //Get text from To and Body fields\n      var to = template.find('[data-id=message-to]').value.toString().trim(),\n          body = template.find('[data-id=message-body]').value,\n          fieldEmpty = false;\n\n      //Verify that both fields contain text\n      if (!to) {\n        fieldEmpty = true;\n        Bert.alert('Please enter a username in the To field.', 'danger', 'growl-top-right');\n      }\n      if (!fieldEmpty && !body.toString().trim()) {\n        fieldEmpty = true;\n        Bert.alert('Please enter a message.', 'danger', 'growl-top-right');\n      }\n\n      //Continue if the fields aren't empty\n      if (!fieldEmpty) {\n        //Try to find user in Users collection\n        var toUser = Meteor.users.findOne({ username: to });\n\n        //If user was found then it is a valid user\n        if (toUser) {\n          //If user is not the current user then send the message\n          if (toUser._id != Meteor.userId()) {\n            //If message between these two users already exists, add this message to the current conversation, else create a new message\n            var existingMessage = Messages.findOne({ $or: [{ 'originatingFromId': Meteor.userId() }, { 'originatingToId': Meteor.userId() }], $or: [{ 'originatingFromId': toUser._id }, { 'originatingToId': toUser._id }] });\n\n            if (existingMessage) {\n              //Add message to existing conversation\n              Meteor.call('messages.addMessage', existingMessage._id, toUser._id, body, function (error, result) {\n                if (error) {\n                  Bert.alert(error.reason, 'danger', 'growl-top-right');\n                } else {\n                  //Display success message and reset form values\n                  Bert.alert('Message sent', 'success', 'growl-top-right');\n                  template.find('[data-id=message-to]').value = '';\n                  template.find('[data-id=message-body]').value = '';\n\n                  //Switch the to allMessages view\n                  $('button').removeClass('active');\n                  $('#allMessagesButton').addClass('active');\n                  Session.set('currentView', 'allMessages');\n                }\n              });\n            } else {\n              //Create new message\n              Meteor.call('messages.insert', toUser._id, toUser.username, body, function (error, result) {\n                if (error) {\n                  Bert.alert(error.reason, 'danger', 'growl-top-right');\n                } else {\n                  //Display success message and reset form values\n                  Bert.alert('Message sent', 'success', 'growl-top-right');\n\n                  //Switch the to allMessages view\n                  $('button').removeClass('active');\n                  $('#allMessagesButton').addClass('active');\n                  Session.set('currentView', 'allMessages');\n                }\n              });\n            }\n          } else {\n            //Can't send a message to yourself, display error\n            Bert.alert('Sorry, you can only send messages to other users.', 'danger', 'growl-top-right');\n          }\n        } else {\n          //Wasn't a valid user, display error\n          Bert.alert('Sorry, we can\\'t find that user.  Please verify the username and try again.', 'danger', 'growl-top-right');\n        }\n      }\n    }\n  }\n});","ast":null,"map":{"version":3,"sources":["/client/views/messages.js"],"names":[],"mappings":";AACA,SAAS,aAAa,CAAC,CAAC,EAAE;AACxB,MAAG,OAAO,CAAC,GAAG,CAAC,aAAa,CAAC,KAAK,CAAC,EAAE;AAClC,WAAO,IAAI,CAAC;GACd,MAAM;AACL,WAAO,KAAK,CAAC;GACd;CACF;;;AAGD,SAAS,cAAc,CAAC,MAAM,EAAE,IAAI,EAAE;AACpC,MAAG,MAAM,KAAK,MAAM,CAAC,MAAM,EAAE,EAC7B;AACE,WAAO,IAAI,CAAC;GACb,MAAM;AACL,WAAO,MAAM,CAAC;GACf;CACF;;;AAGD,SAAS,gBAAgB,CAAC,QAAQ,EAAE,MAAM,EAAE;AAC1C,MAAG,QAAQ,KAAK,MAAM,CAAC,IAAI,EAAE,CAAC,QAAQ,EACtC;AACE,WAAO,CAAC,GAAG,CAAC,aAAa,EAAE,MAAM,CAAC,CAAC;AACnC,WAAO,MAAM,CAAC;GACf,MAAM;AACL,WAAO,CAAC,GAAG,CAAC,aAAa,EAAE,IAAI,CAAC,CAAC;AACjC,WAAO,QAAQ,CAAC;GACjB;CACF;;;AAGD,SAAS,iBAAiB,CAAC,IAAI,EAAE;AAC/B,MAAI,QAAQ,GAAG,MAAM,CAAC,IAAI,IAAI,EAAE,CAAC;MAC7B,OAAO,GAAG,MAAM,CAAC,IAAI,IAAI,CAAC,IAAI,CAAC,CAAC,CAAC;;AAErC,MAAI,IAAI,GAAG,QAAQ,CAAC,IAAI,CAAC,OAAO,EAAE,MAAM,CAAC,CAAC;;AAE1C,MAAG,IAAI,KAAK,CAAC,IAAI,QAAQ,CAAC,GAAG,EAAE,KAAK,OAAO,CAAC,GAAG,EAAE,EAAE;AACjD,WAAO,MAAM,CAAC,IAAI,CAAC,CAAC,MAAM,CAAC,QAAQ,CAAC,CAAC;GACtC,MAAM,IAAG,IAAI,GAAG,CAAC,IAAI,QAAQ,CAAC,GAAG,EAAE,KAAK,OAAO,CAAC,GAAG,EAAE,EAAE;AACtD,WAAO,MAAM,CAAC,IAAI,CAAC,CAAC,MAAM,CAAC,MAAM,CAAC,CAAC;GACpC,MAAM;AACL,QAAG,QAAQ,CAAC,IAAI,EAAE,IAAI,OAAO,CAAC,IAAI,EAAE,EAAE;AACpC,aAAO,MAAM,CAAC,IAAI,CAAC,CAAC,MAAM,CAAC,UAAU,CAAC,CAAC;KACxC,MAAM;AACL,aAAO,MAAM,CAAC,IAAI,CAAC,CAAC,MAAM,CAAC,QAAQ,CAAC,CAAC;KACtC;GACF;CACF;;;AAGD,QAAQ,CAAC,cAAc,CAAC,kBAAkB,EAAE,UAAS,QAAQ,EAAE,MAAM,EAAE;AACrE,SAAO,gBAAgB,CAAC,QAAQ,EAAE,MAAM,CAAC,CAAC;CAC3C,CAAC,CAAC;;;AAGH,QAAQ,CAAC,QAAQ,CAAC,SAAS,CAAC,YAAY;;;AACtC,MAAI,CAAC,WAAW,GAAG,IAAI,WAAW,CAAC,EAAE,CAAC,CAAC;AACvC,MAAI,CAAC,KAAK,GAAG,IAAI,WAAW,CAAC,EAAE,CAAC,CAAC;AACjC,MAAI,CAAC,UAAU,GAAG,IAAI,WAAW,CAAC,CAAC,CAAC,CAAC;;AAErC,MAAI,CAAC,OAAO,CAAC,YAAM;;AAEjB,UAAK,SAAS,CAAC,WAAW,EAAE,MAAK,WAAW,CAAC,GAAG,EAAE,EAAE,MAAK,KAAK,CAAC,GAAG,EAAE,CAAC,CAAC;AACtE,UAAK,UAAU,CAAC,GAAG,CAAC,MAAM,CAAC,GAAG,CAAC,WAAW,CAAC,CAAC,CAAC;AAC7C,UAAK,SAAS,CAAC,cAAc,CAAC,CAAC;;;AAG/B,WAAO,CAAC,GAAG,CAAC,aAAa,EAAE,aAAa,CAAC,CAAC;AAC1C,WAAO,CAAC,GAAG,CAAC,aAAa,EAAE,EAAE,CAAC,CAAC;AAC/B,WAAO,CAAC,GAAG,CAAC,aAAa,EAAE,EAAE,CAAC,CAAC;AAC/B,KAAC,CAAC,oBAAoB,CAAC,CAAC,QAAQ,CAAC,QAAQ,CAAC,CAAC;GAC5C,CAAC,CAAC;CACJ,CAAC,CAAC;;;AAGH,QAAQ,CAAC,QAAQ,CAAC,OAAO,CAAC;AACxB,iBAAe,EAAE,YAAM;AACrB,WAAO,aAAa,CAAC,aAAa,CAAC,CAAC;GACrC;AACD,mBAAiB,EAAE,YAAM;AACvB,WAAO,aAAa,CAAC,eAAe,CAAC,CAAC;GACvC;AACD,aAAW,EAAE,YAAM;AACjB,WAAO,aAAa,CAAC,SAAS,CAAC,CAAC;GACjC;CACF,CAAC,CAAC;;;AAGH,QAAQ,CAAC,QAAQ,CAAC,MAAM,CAAC;AACvB,kDAAgD,EAAE,UAAC,KAAK,EAAE,QAAQ,EAAK;;AAErE,KAAC,CAAC,QAAQ,CAAC,CAAC,WAAW,CAAC,QAAQ,CAAC,CAAC;AAClC,KAAC,CAAC,GAAG,GAAG,KAAK,CAAC,MAAM,CAAC,EAAE,CAAC,CAAC,QAAQ,CAAC,QAAQ,CAAC,CAAC;AAC5C,WAAO,CAAC,GAAG,CAAC,aAAa,EAAE,KAAK,CAAC,MAAM,CAAC,EAAE,CAAC,QAAQ,EAAE,CAAC,OAAO,CAAC,QAAQ,EAAE,EAAE,CAAC,CAAC,CAAC;GAC9E;CACF,CAAC,CAAC;;;AAGH,QAAQ,CAAC,WAAW,CAAC,OAAO,CAAC;AAC3B,gBAAc,EAAE,YAAM;;AAEpB,WAAO,QAAQ,CAAC,IAAI,CAAC,EAAC,GAAG,EAAE,CAAC,EAAE,mBAAmB,EAAE,MAAM,CAAC,MAAM,EAAE,EAAE,qCAAqC,EAAE,KAAK,EAAE,EAAE,EAAC,iBAAiB,EAAE,MAAM,CAAC,MAAM,EAAE,EAAE,mCAAmC,EAAE,KAAK,EAAC,CAAC,EAAC,EAAE,EAAC,IAAI,EAAE,EAAC,qBAAqB,EAAE,CAAC,CAAC,EAAC,EAAE,CAAC,CAAC;GAC/O;AACD,eAAa,EAAE,YAAM;;AAEnB,QAAG,QAAQ,CAAC,IAAI,CAAC,EAAC,GAAG,EAAE,CAAC,EAAE,mBAAmB,EAAE,MAAM,CAAC,MAAM,EAAE,EAAE,qCAAqC,EAAE,KAAK,EAAE,EAAE,EAAC,iBAAiB,EAAE,MAAM,CAAC,MAAM,EAAE,EAAE,mCAAmC,EAAE,KAAK,EAAC,CAAC,EAAC,CAAC,CAAC,KAAK,EAAE,KAAK,CAAC,EAAE;AACjN,aAAO,IAAI,CAAC;KACb,MAAM;AACL,aAAO,KAAK,CAAC;KACd;GACF;AACD,YAAU,EAAE,UAAC,YAAY,EAAK;AAC5B,QAAG,YAAY,CAAC,MAAM,GAAG,CAAC,EAC1B;AACE,UAAI,IAAI,GAAG,YAAY,CAAC,YAAY,CAAC,MAAM,GAAG,CAAC,CAAC,CAAC,MAAM,CAAC;;AAExD,aAAO,iBAAiB,CAAC,IAAI,CAAC,CAAC;KAChC;GACF;AACD,mBAAiB,EAAE,UAAC,YAAY,EAAK;AACnC,QAAG,YAAY,CAAC,MAAM,GAAG,CAAC,EAAE;AAC1B,aAAO,YAAY,CAAC,YAAY,CAAC,MAAM,GAAG,CAAC,CAAC,CAAC,IAAI,CAAC;KACnD;GACF;AACD,mBAAiB,EAAE,UAAC,YAAY,EAAK;;AAEnC,QAAG,YAAY,CAAC,MAAM,GAAG,CAAC,EAAE;AAC1B,UAAG,YAAY,CAAC,YAAY,CAAC,MAAM,GAAG,CAAC,CAAC,CAAC,EAAE,CAAC,MAAM,KAAK,MAAM,CAAC,MAAM,EAAE,EAAE;AACtE,YAAG,CAAC,YAAY,CAAC,YAAY,CAAC,MAAM,GAAG,CAAC,CAAC,CAAC,EAAE,CAAC,IAAI,EAAE;AACjD,iBAAO,SAAS,CAAC;SAClB;OACF;KACF;;AAED,WAAO,EAAE,CAAC;GACX;CACF,CAAC,CAAC;;;AAGH,QAAQ,CAAC,WAAW,CAAC,MAAM,CAAC;AAC1B,cAAY,EAAE,UAAC,KAAK,EAAE,QAAQ,EAAK;;AAEjC,QAAI,WAAW,GAAG,QAAQ,CAAC,OAAO,CAAC,EAAC,GAAG,EAAE,KAAK,CAAC,aAAa,CAAC,EAAE,EAAC,CAAC,CAAC;AAClE,QAAG,WAAW,EAAE;AACd,UAAG,WAAW,CAAC,YAAY,CAAC,WAAW,CAAC,YAAY,CAAC,MAAM,GAAG,CAAC,CAAC,CAAC,EAAE,CAAC,MAAM,KAAK,MAAM,CAAC,MAAM,EAAE,EAAE;;AAE9F,YAAG,CAAC,WAAW,CAAC,YAAY,CAAC,WAAW,CAAC,YAAY,CAAC,MAAM,GAAG,CAAC,CAAC,CAAC,EAAE,CAAC,IAAI,EAAE;;AAEzE,gBAAM,CAAC,IAAI,CAAC,qBAAqB,EAAE,WAAW,CAAC,GAAG,EAAE,IAAI,EAAE,UAAC,KAAK,EAAE,MAAM,EAAK;;WAE5E,CAAC,CAAC;SACJ;OAEF;KACF;;;AAGD,KAAC,CAAC,QAAQ,CAAC,CAAC,WAAW,CAAC,QAAQ,CAAC,CAAC;AAClC,WAAO,CAAC,GAAG,CAAC,aAAa,EAAE,KAAK,CAAC,aAAa,CAAC,EAAE,CAAC,CAAC;AACnD,WAAO,CAAC,GAAG,CAAC,aAAa,EAAE,eAAe,CAAC,CAAC;GAC7C;AACD,yBAAuB,EAAE,UAAC,KAAK,EAAE,QAAQ,EAAK;AAC5C,SAAK,CAAC,eAAe,EAAE,CAAC;;;AAGxB,QAAI,CAAC;AACH,WAAK,EAAE,iBAAiB;AACxB,UAAI,EAAE,oDAAoD;AAC1D,UAAI,EAAE,OAAO;AACb,sBAAgB,EAAE,IAAI;AACtB,oBAAc,EAAE,IAAI;AACpB,sBAAgB,EAAE,IAAI;AACtB,uBAAiB,EAAE,iBAAiB;AACpC,wBAAkB,EAAE,SAAS;KAC9B,EAAE,YAAW;;AAEZ,UAAI,KAAK,GAAG,KAAK,CAAC,aAAa,CAAC,UAAU,CAAC,UAAU,CAAC,EAAE,CAAC;;;AAGzD,UAAI,GAAG,GAAG,QAAQ,CAAC,OAAO,CAAC,EAAE,KAAK,EAAE,KAAK,EAAE,CAAE,CAAC;AAC9C,UAAI,UAAU,YAAA,CAAC;;;AAGf,UAAG,GAAG,EAAE;;AAEN,YAAG,GAAG,CAAC,iBAAiB,KAAK,MAAM,CAAC,MAAM,EAAE,EAAE;AAC5C,oBAAU,GAAG,MAAM,CAAC;SACrB,MAAM;AACL,oBAAU,GAAG,IAAI,CAAC;SACnB;;;AAGD,cAAM,CAAC,IAAI,CAAC,iBAAiB,EAAE,KAAK,EAAE,UAAU,EAAE,UAAC,KAAK,EAAE,MAAM,EAAK;AACnE,cAAG,KAAK,EAAE;AACR,gBAAI,CAAC,KAAK,CAAC,+BAA+B,EAAE,QAAQ,EAAE,iBAAiB,CAAC,CAAC;WAC1E,MAAM;AACL,gBAAI,CAAC,KAAK,CAAC,iBAAiB,EAAE,SAAS,EAAE,iBAAiB,CAAC,CAAC;WAC7D;SACF,CAAC,CAAC;OACJ,MAAM;AACL,YAAI,CAAC,KAAK,CAAC,+BAA+B,EAAE,QAAQ,EAAE,iBAAiB,CAAC,CAAC;OAC1E;KACF,CAAC,CAAC;GACJ;CACF,CAAC,CAAC;;;AAGH,QAAQ,CAAC,aAAa,CAAC,UAAU,CAAC,YAAW;;AAE3C,GAAC,CAAC,oBAAoB,CAAC,CAAC,SAAS,CAAC,CAAC,CAAC,oBAAoB,CAAC,CAAC,CAAC,CAAC,CAAC,YAAY,CAAC,CAAC;;;AAG3E,GAAC,CAAC,sBAAsB,CAAC,CAAC,KAAK,EAAE,CAAC;;;AAGlC,GAAC,CAAC,wBAAwB,CAAC,CAAC,QAAQ,CAAC,UAAU,CAAC,CAAC;CAClD,CAAC,CAAC;;;AAGH,QAAQ,CAAC,aAAa,CAAC,OAAO,CAAC;AAC7B,kBAAgB,EAAE,YAAM;AACtB,WAAO,QAAQ,CAAC,OAAO,CAAC,EAAE,KAAK,EAAE,OAAO,CAAC,GAAG,CAAC,aAAa,CAAC,EAAE,CAAE,CAAC;GACjE;AACD,aAAW,EAAE,UAAC,sBAAsB,EAAE,oBAAoB,EAAK;;AAE7D,QAAG,OAAO,CAAC,MAAM,CAAC,aAAa,EAAE,MAAM,CAAC,EAAE;AACxC,aAAO,CAAC,sBAAsB,CAAC;KAChC,MAAM;AACL,aAAO,CAAC,oBAAoB,CAAC;KAC9B;GACF;AACD,eAAa,EAAE,UAAC,IAAI,EAAE,EAAE,EAAK;AAC3B,QAAG,IAAI,CAAC,MAAM,KAAK,MAAM,CAAC,MAAM,EAAE,EAAE;AAClC,aAAO,IAAI,CAAC;KACb,MAAM;AACL,aAAO,KAAK,CAAC;KACd;GACF;AACD,YAAU,EAAE,UAAC,IAAI,EAAK;AACpB,WAAO,iBAAiB,CAAC,IAAI,CAAC,CAAC;GAChC;CACF,CAAC,CAAC;;;AAGH,QAAQ,CAAC,aAAa,CAAC,MAAM,CAAC;AAC5B,8BAA4B,EAAE,UAAC,KAAK,EAAE,QAAQ,EAAK;;AAEjD,QAAG,QAAQ,CAAC,IAAI,CAAC,sBAAsB,CAAC,CAAC,KAAK,CAAC,QAAQ,EAAE,CAAC,IAAI,EAAE,KAAK,EAAE,EAAE;AACvE,OAAC,CAAC,wBAAwB,CAAC,CAAC,WAAW,CAAC,UAAU,CAAC,CAAC;KACrD,MAAM;AACL,OAAC,CAAC,wBAAwB,CAAC,CAAC,QAAQ,CAAC,UAAU,CAAC,CAAC;KAClD;GACF;AACD,uCAAqC,EAAE,UAAC,KAAK,EAAE,QAAQ,EAAK;AAC1D,SAAK,CAAC,cAAc,EAAE,CAAC;;;AAGvB,QAAG,CAAC,CAAC,CAAC,wBAAwB,CAAC,CAAC,QAAQ,CAAC,UAAU,CAAC,EAAE;AACpD,UAAI,IAAI,GAAG,QAAQ,CAAC,IAAI,CAAC,sBAAsB,CAAC,CAAC,KAAK;UAClD,WAAW,GAAG,QAAQ,CAAC,OAAO,CAAC,EAAC,GAAG,EAAE,OAAO,CAAC,GAAG,CAAC,aAAa,CAAC,EAAC,CAAC;UACjE,QAAQ,GAAG,cAAc,CAAC,WAAW,CAAC,iBAAiB,EAAE,WAAW,CAAC,eAAe,CAAC;UACrF,UAAU,GAAG,KAAK,CAAC;;;AAGvB,UAAG,CAAC,IAAI,CAAC,QAAQ,EAAE,CAAC,IAAI,EAAE,EAAE;AAC1B,kBAAU,GAAG,IAAI,CAAC;AAClB,YAAI,CAAC,KAAK,CAAC,yBAAyB,EAAE,QAAQ,EAAE,iBAAiB,CAAC,CAAC;OACpE;AACD,UAAG,CAAC,UAAU,IAAI,CAAC,QAAQ,EAAE;AAC3B,kBAAU,GAAG,IAAI,CAAC;AAClB,YAAI,CAAC,KAAK,CAAC,wBAAwB,EAAE,QAAQ,EAAE,iBAAiB,CAAC,CAAC;OACnE;;;AAGD,UAAG,CAAC,UAAU,EAAE;;AAEd,cAAM,CAAC,IAAI,CAAC,qBAAqB,EAAE,OAAO,CAAC,GAAG,CAAC,aAAa,CAAC,EAAE,QAAQ,EAAE,IAAI,EAAE,UAAC,KAAK,EAAE,MAAM,EAAK;AAChG,cAAG,KAAK,EAAE;AACR,gBAAI,CAAC,KAAK,CAAC,KAAK,CAAC,MAAM,EAAE,QAAQ,EAAE,iBAAiB,CAAC,CAAC;WACvD,MAAM;;AAEL,gBAAI,CAAC,KAAK,CAAC,cAAc,EAAE,SAAS,EAAE,iBAAiB,CAAC,CAAC;AACzD,oBAAQ,CAAC,IAAI,CAAC,sBAAsB,CAAC,CAAC,KAAK,GAAG,EAAE,CAAC;;;AAGjD,aAAC,CAAC,oBAAoB,CAAC,CAAC,SAAS,CAAC,CAAC,CAAC,oBAAoB,CAAC,CAAC,CAAC,CAAC,CAAC,YAAY,CAAC,CAAC;AAC3E,aAAC,CAAC,sBAAsB,CAAC,CAAC,KAAK,EAAE,CAAC;AAClC,aAAC,CAAC,wBAAwB,CAAC,CAAC,QAAQ,CAAC,UAAU,CAAC,CAAC;WAClD;SACF,CAAC,CAAC;OACJ;KACF;GACF;CACF,CAAC,CAAC;;;AAGH,QAAQ,CAAC,OAAO,CAAC,UAAU,CAAC,YAAW;;AAErC,GAAC,CAAC,sBAAsB,CAAC,CAAC,KAAK,EAAE,CAAC;;;AAGlC,GAAC,CAAC,0BAA0B,CAAC,CAAC,QAAQ,CAAC,UAAU,CAAC,CAAC;CACpD,CAAC,CAAC;;;AAGH,QAAQ,CAAC,OAAO,CAAC,OAAO,CAAC;;AAEvB,UAAQ,EAAE,YAAM;AACd,WAAO;AACL,cAAQ,EAAE,QAAQ;AAClB,WAAK,EAAE,CAAC;AACR,WAAK,EAAE,CACL;AACE,kBAAU,EAAE,MAAM,CAAC,KAAK;AACxB,aAAK,EAAE,UAAU;AACjB,gBAAQ,EAAE,QAAQ,CAAC,QAAQ;AAC3B,cAAM,EAAE,EAAE,GAAG,EAAE,EAAE,GAAG,EAAE,MAAM,CAAC,MAAM,EAAE,EAAE,EAAC;OACzC,CACF;KACF,CAAC;GACH;CACF,CAAC,CAAC;;;AAGH,QAAQ,CAAC,OAAO,CAAC,MAAM,CAAC;AACtB,4DAA0D,EAAE,UAAC,KAAK,EAAE,QAAQ,EAAK;;AAE/E,QAAG,QAAQ,CAAC,IAAI,CAAC,sBAAsB,CAAC,CAAC,KAAK,CAAC,QAAQ,EAAE,CAAC,IAAI,EAAE,KAAK,EAAE,IACvE,QAAQ,CAAC,IAAI,CAAC,wBAAwB,CAAC,CAAC,KAAK,CAAC,QAAQ,EAAE,CAAC,IAAI,EAAE,KAAK,EAAE,EAAE;AACtE,OAAC,CAAC,0BAA0B,CAAC,CAAC,WAAW,CAAC,UAAU,CAAC,CAAC;KACvD,MAAM;AACL,OAAC,CAAC,0BAA0B,CAAC,CAAC,QAAQ,CAAC,UAAU,CAAC,CAAC;KACpD;GACF;;AAED,sCAAoC,EAAE,UAAC,KAAK,EAAE,QAAQ,EAAK;AACzD,SAAK,CAAC,cAAc,EAAE,CAAC;;;AAGvB,QAAG,CAAC,CAAC,CAAC,0BAA0B,CAAC,CAAC,QAAQ,CAAC,UAAU,CAAC,EAAE;;AAEtD,UAAI,EAAE,GAAG,QAAQ,CAAC,IAAI,CAAC,sBAAsB,CAAC,CAAC,KAAK,CAAC,QAAQ,EAAE,CAAC,IAAI,EAAE;UAClE,IAAI,GAAG,QAAQ,CAAC,IAAI,CAAC,wBAAwB,CAAC,CAAC,KAAK;UACpD,UAAU,GAAG,KAAK,CAAC;;;AAGvB,UAAG,CAAC,EAAE,EAAE;AACN,kBAAU,GAAG,IAAI,CAAC;AAClB,YAAI,CAAC,KAAK,CAAC,0CAA0C,EAAE,QAAQ,EAAE,iBAAiB,CAAC,CAAC;OACrF;AACD,UAAG,CAAC,UAAU,IAAI,CAAC,IAAI,CAAC,QAAQ,EAAE,CAAC,IAAI,EAAE,EAAE;AACzC,kBAAU,GAAG,IAAI,CAAC;AAClB,YAAI,CAAC,KAAK,CAAC,yBAAyB,EAAE,QAAQ,EAAE,iBAAiB,CAAC,CAAC;OACpE;;;AAGD,UAAG,CAAC,UAAU,EAAE;;AAEd,YAAI,MAAM,GAAG,MAAM,CAAC,KAAK,CAAC,OAAO,CAAC,EAAC,QAAQ,EAAE,EAAE,EAAC,CAAC,CAAC;;;AAGlD,YAAG,MAAM,EAAE;;AAET,cAAG,MAAM,CAAC,GAAG,IAAI,MAAM,CAAC,MAAM,EAAE,EAChC;;AAEE,gBAAI,eAAe,GAAG,QAAQ,CAAC,OAAO,CAAC,EAAC,GAAG,EAAE,CAAC,EAAC,mBAAmB,EAAE,MAAM,CAAC,MAAM,EAAE,EAAC,EAAE,EAAC,iBAAiB,EAAE,MAAM,CAAC,MAAM,EAAE,EAAC,CAAC,EAAE,GAAG,EAAE,CAAC,EAAC,mBAAmB,EAAE,MAAM,CAAC,GAAG,EAAC,EAAE,EAAC,iBAAiB,EAAE,MAAM,CAAC,GAAG,EAAC,CAAC,EAAC,CAAC,CAAC;;AAEzM,gBAAG,eAAe,EAAE;;AAElB,oBAAM,CAAC,IAAI,CAAC,qBAAqB,EAAE,eAAe,CAAC,GAAG,EAAE,MAAM,CAAC,GAAG,EAAE,IAAI,EAAE,UAAC,KAAK,EAAE,MAAM,EAAK;AAC3F,oBAAG,KAAK,EAAE;AACR,sBAAI,CAAC,KAAK,CAAC,KAAK,CAAC,MAAM,EAAE,QAAQ,EAAE,iBAAiB,CAAC,CAAC;iBACvD,MAAM;;AAEL,sBAAI,CAAC,KAAK,CAAC,cAAc,EAAE,SAAS,EAAE,iBAAiB,CAAC,CAAC;AACzD,0BAAQ,CAAC,IAAI,CAAC,sBAAsB,CAAC,CAAC,KAAK,GAAG,EAAE,CAAC;AACjD,0BAAQ,CAAC,IAAI,CAAC,wBAAwB,CAAC,CAAC,KAAK,GAAG,EAAE,CAAC;;;AAGnD,mBAAC,CAAC,QAAQ,CAAC,CAAC,WAAW,CAAC,QAAQ,CAAC,CAAC;AAClC,mBAAC,CAAC,oBAAoB,CAAC,CAAC,QAAQ,CAAC,QAAQ,CAAC,CAAC;AAC3C,yBAAO,CAAC,GAAG,CAAC,aAAa,EAAE,aAAa,CAAC,CAAC;iBAC3C;eACF,CAAC,CAAC;aACJ,MAAM;;AAEL,oBAAM,CAAC,IAAI,CAAC,iBAAiB,EAAE,MAAM,CAAC,GAAG,EAAE,MAAM,CAAC,QAAQ,EAAE,IAAI,EAAE,UAAC,KAAK,EAAE,MAAM,EAAK;AACnF,oBAAG,KAAK,EAAE;AACR,sBAAI,CAAC,KAAK,CAAC,KAAK,CAAC,MAAM,EAAE,QAAQ,EAAE,iBAAiB,CAAC,CAAC;iBACvD,MAAM;;AAEL,sBAAI,CAAC,KAAK,CAAC,cAAc,EAAE,SAAS,EAAE,iBAAiB,CAAC,CAAC;;;AAGzD,mBAAC,CAAC,QAAQ,CAAC,CAAC,WAAW,CAAC,QAAQ,CAAC,CAAC;AAClC,mBAAC,CAAC,oBAAoB,CAAC,CAAC,QAAQ,CAAC,QAAQ,CAAC,CAAC;AAC3C,yBAAO,CAAC,GAAG,CAAC,aAAa,EAAE,aAAa,CAAC,CAAC;iBAC3C;eACF,CAAC,CAAC;aACJ;WACF,MAAM;;AAEL,gBAAI,CAAC,KAAK,CAAC,mDAAmD,EAAE,QAAQ,EAAE,iBAAiB,CAAC,CAAC;WAC9F;SACF,MAAM;;AAEL,cAAI,CAAC,KAAK,CAAC,6EAA6E,EAAE,QAAQ,EAAE,iBAAiB,CAAC,CAAC;SACxH;OACF;KACF;GACF;CACF,CAAC,CAAC","file":"/client/views/messages.js.map","sourcesContent":["/* Function to check if view passed in is the current view */\nfunction isCurrentView(v) {\n  if(Session.get('currentView') === v) {\n     return true;\n  } else {\n    return false;\n  }\n}\n\n/* Function to get the userId of the other user (not current user) */\nfunction getOtherUserId(fromId, toId) {\n  if(fromId === Meteor.userId())\n  {\n    return toId;\n  } else {\n    return fromId;\n  }  \n}\n\n/* Function to get the username of the other user (not current user) */\nfunction getOtherUsername(fromName, toName) {\n  if(fromName === Meteor.user().username)\n  {\n    Session.set('originating', 'from');\n    return toName;\n  } else {\n    Session.set('originating', 'to');\n    return fromName;\n  } \n}\n\n/* Function to format the passed in date */\nfunction performFormatting(date) {\n  let currDate = moment(new Date()),\n      msgDate = moment(new Date(date));\n      \n  let diff = currDate.diff(msgDate, 'days');\n\n  if(diff === 0 && currDate.day() === msgDate.day()) {\n    return moment(date).format('h:mm a');\n  } else if(diff < 7 && currDate.day() !== msgDate.day()) {\n    return moment(date).format('dddd');\n  } else {\n    if(currDate.year() != msgDate.year()) {\n      return moment(date).format('MM/DD/YY');\n    } else {\n      return moment(date).format('MMM DD');   \n    }\n  }\n}\n\n/* Helper function available to all templates that calls getOtherUsername */\nTemplate.registerHelper('getOtherUsername', function(fromName, toName) {\n  return getOtherUsername(fromName, toName);\n});\n\n/* On messages template created */\nTemplate.messages.onCreated(function () {\n  this.searchQuery = new ReactiveVar('');\n  this.limit = new ReactiveVar(20);\n  this.usersCount = new ReactiveVar(0);\n    \n  this.autorun(() => {\n    //Set subscriptions \n    this.subscribe('users.all', this.searchQuery.get(), this.limit.get());\n    this.usersCount.set(Counts.get('users.all'));\n    this.subscribe('messages.all');\n      \n    //Set session variables \n    Session.set('currentView', 'allMessages');\n    Session.set('selectedMsg', '');\n    Session.set('originating', '');\n    $('#allMessagesButton').addClass('active');\n  });\n});\n\n/* messages template helpers */\nTemplate.messages.helpers({\n  showAllMessages: () => {\n    return isCurrentView('allMessages');\n  },\n  showSingleMessage: () => {\n    return isCurrentView('singleMessage');\n  },\n  showCompose: () => {\n    return isCurrentView('compose');\n  }\n});\n\n/* messages template events */\nTemplate.messages.events({\n  'click #allMessagesButton, click #composeButton': (event, template) => {\n    //Set template based on button that was clicked \n    $('button').removeClass('active');\n    $('#' + event.target.id).addClass('active');\n    Session.set('currentView', event.target.id.toString().replace('Button', ''));\n  }\n});\n\n/* allMessages helpers */\nTemplate.allMessages.helpers({\n  getAllMessages: () => {\n    //Find all messages that current user is involved in\n    return Messages.find({$or: [{ 'originatingFromId': Meteor.userId(), 'conversation.originatingFromDeleted': false }, {'originatingToId': Meteor.userId(), 'conversation.originatingToDeleted': false}]}, {sort: {'conversation.sentOn': -1} });\n  },\n  messagesEmpty: () => {\n    //Check if current user has any messages \n    if(Messages.find({$or: [{ 'originatingFromId': Meteor.userId(), 'conversation.originatingFromDeleted': false }, {'originatingToId': Meteor.userId(), 'conversation.originatingToDeleted': false}]}).count() === 0) {\n      return true;\n    } else {\n      return false;\n    }\n  },\n  formatDate: (conversation) => {\n    if(conversation.length > 0)\n    {\n      let date = conversation[conversation.length - 1].sentOn;\n        \n      return performFormatting(date);\n    }\n  },\n  getMostRecentBody: (conversation) => {\n    if(conversation.length > 0) {\n      return conversation[conversation.length - 1].body;\n    }\n  },\n  getMostRecentRead: (conversation) => {\n    //Determine if message has been read \n    if(conversation.length > 0) {\n      if(conversation[conversation.length - 1].to.userId === Meteor.userId()) {\n        if(!conversation[conversation.length - 1].to.read) {\n          return 'notRead';\n        }\n      }\n    }\n    \n    return '';\n  }\n});\n\n/* allMessages template events */\nTemplate.allMessages.events({\n  'click .msg': (event, template) => {\n    //Make sure selected message exists\n    let selectedMsg = Messages.findOne({_id: event.currentTarget.id});\n    if(selectedMsg) {\n      if(selectedMsg.conversation[selectedMsg.conversation.length - 1].to.userId === Meteor.userId()) {\n        //Check if most recent message is TO the current user\n        if(!selectedMsg.conversation[selectedMsg.conversation.length - 1].to.read) {\n          //Update read field to true\n          Meteor.call('messages.updateRead', selectedMsg._id, true, (error, result) => {\n            //Do nothing \n          });\n        }\n        \n      }\n    }\n     \n    //Set current view to singleMssage template \n    $('button').removeClass('active');\n    Session.set('selectedMsg', event.currentTarget.id);\n    Session.set('currentView', 'singleMessage');\n  },\n  'click .remove-message': (event, template) => {\n    event.stopPropagation();\n    \n    //Sweet Alert delete confirmation\n    swal({\n      title: 'Delete message?',\n      text: 'Are you sure that you want to delete this message?',\n      type: 'error',\n      showCancelButton: true,\n      closeOnConfirm: true,\n      cancelButtonText: 'No',\n      confirmButtonText: 'Yes, delete it!',\n      confirmButtonColor: '#da5347'\n    }, function() {\n      //Get the id of the message to be deleted \n      let msgId = event.currentTarget.parentNode.parentNode.id;\n      \n      //Make sure message exists \n      let msg = Messages.findOne({ '_id': msgId } );\n      let whoDeleted;\n    \n      //If message exists \n      if(msg) {\n        //Set deleted correctly \n        if(msg.originatingFromId === Meteor.userId()) {\n          whoDeleted = 'from';\n        } else {\n          whoDeleted = 'to';\n        }\n    \n        //Remove selected message \n        Meteor.call('messages.remove', msgId, whoDeleted, (error, result) => {\n          if(error) {\n            Bert.alert('Message couldn\\'t be deleted.', 'danger', 'growl-top-right');\n          } else {\n            Bert.alert('Message deleted', 'success', 'growl-top-right');\n          }\n        });\n      } else {\n        Bert.alert('Message couldn\\'t be deleted.', 'danger', 'growl-top-right');\n      }   \n    });\n  }\n});\n\n/* singleMessage template on rendered */\nTemplate.singleMessage.onRendered(function() {\n  //Move to bottom of div so most recent message is shown \n  $('#singleMessageArea').scrollTop($('#singleMessageArea')[0].scrollHeight);\n  \n  //Set focus to the reply body text area \n  $('[data-id=reply-body]').focus();  \n    \n  //Set submit button to disabled since text field is empty \n  $('[data-id=reply-submit]').addClass('disabled');\n});\n\n/* singleMessage template helpers */\nTemplate.singleMessage.helpers({\n  getSingleMessage: () => {\n    return Messages.findOne({ '_id': Session.get('selectedMsg') } );\n  },\n  showMessage: (originatingFromDeleted, originatingToDeleted) => {\n    //Don't show messages that have been previously deleted \n    if(Session.equals('originating', 'from')) {\n      return !originatingFromDeleted;\n    } else {\n      return !originatingToDeleted;\n    }\n  },\n  fromOtherUser: (from, to) => {\n    if(from.userId !== Meteor.userId()) {\n      return true;\n    } else {\n      return false; \n    }\n  },\n  formatDate: (date) => {\n    return performFormatting(date);\n  }\n});\n\n/* singleMessage template events */\nTemplate.singleMessage.events({\n  'keyup [data-id=reply-body]': (event, template) => {\n    //If reply section has text enable the submit button, else disable it\n    if(template.find('[data-id=reply-body]').value.toString().trim() !== '') {\n      $('[data-id=reply-submit]').removeClass('disabled');\n    } else {\n      $('[data-id=reply-submit]').addClass('disabled');\n    }\n  },\n  'submit [data-id=reply-message-form]': (event, template) => {\n    event.preventDefault();\n       \n    //Only continue if button isn't disabled\n    if(!$('[data-id=reply-submit]').hasClass('disabled')) {\n      let body = template.find('[data-id=reply-body]').value,\n          currMessage = Messages.findOne({_id: Session.get('selectedMsg')}),\n          toUserId = getOtherUserId(currMessage.originatingFromId, currMessage.originatingToId),\n          fieldEmpty = false;\n        \n      //Make sure fields arent empty\n      if(!body.toString().trim()) {\n        fieldEmpty = true;\n        Bert.alert('Please enter a message.', 'danger', 'growl-top-right');\n      }\n      if(!fieldEmpty && !toUserId) {\n        fieldEmpty = true;\n        Bert.alert('Error sending message.', 'danger', 'growl-top-right');\n      }\n       \n      //Continue if the fields aren't empty \n      if(!fieldEmpty) {\n        //Add reply to the conversation array of the existing message \n        Meteor.call('messages.addMessage', Session.get('selectedMsg'), toUserId, body, (error, result) => {\n          if(error) {\n            Bert.alert(error.reason, 'danger', 'growl-top-right');\n          } else {\n            //Display success message and reset form values \n            Bert.alert('Message sent', 'success', 'growl-top-right');\n            template.find('[data-id=reply-body]').value = '';\n              \n            //Scroll to bottom of message area, set focus back to reply text area, and disable submit button \n            $('#singleMessageArea').scrollTop($('#singleMessageArea')[0].scrollHeight);\n            $('[data-id=reply-body]').focus();  \n            $('[data-id=reply-submit]').addClass('disabled');\n          }\n        }); \n      }\n    }\n  } \n});\n\n/* compose template on rendered */\nTemplate.compose.onRendered(function() {\n  //Set focus to the to text area \n  $('[data-id=message-to]').focus(); \n    \n  //Set submit button to disabled since text fields are empty \n  $('[data-id=message-submit]').addClass('disabled');\n});\n\n/* compose template helpers */\nTemplate.compose.helpers({\n  //Settings for autocomplete To field \n  settings: () => {\n    return {\n      position: 'bottom',\n      limit: 5,\n      rules: [\n        {\n          collection: Meteor.users,\n          field: 'username',\n          template: Template.userList,\n          filter: { _id: { $ne: Meteor.userId() }}\n        }\n      ]\n    };\n  }\n});\n\n/* compose template events */\nTemplate.compose.events({\n  'keyup [data-id=message-to], keyup [data-id=message-body]': (event, template) => {\n    //If to and body sections have text enable the submit button, else disable it\n    if(template.find('[data-id=message-to]').value.toString().trim() !== '' && \n    template.find('[data-id=message-body]').value.toString().trim() !== '') {\n      $('[data-id=message-submit]').removeClass('disabled');\n    } else {\n      $('[data-id=message-submit]').addClass('disabled');\n    }\n  },\n    \n  'submit [data-id=send-message-form]': (event, template) => {\n    event.preventDefault(); \n    \n    //Only continue if button isn't disabled\n    if(!$('[data-id=message-submit]').hasClass('disabled')) {\n      //Get text from To and Body fields\n      let to = template.find('[data-id=message-to]').value.toString().trim(),\n          body = template.find('[data-id=message-body]').value,\n          fieldEmpty = false;\n      \n      //Verify that both fields contain text\n      if(!to) {\n        fieldEmpty = true; \n        Bert.alert('Please enter a username in the To field.', 'danger', 'growl-top-right'); \n      }\n      if(!fieldEmpty && !body.toString().trim()) {\n        fieldEmpty = true; \n        Bert.alert('Please enter a message.', 'danger', 'growl-top-right'); \n      }\n    \n      //Continue if the fields aren't empty \n      if(!fieldEmpty) {\n        //Try to find user in Users collection\n        let toUser = Meteor.users.findOne({username: to});\n    \n        //If user was found then it is a valid user \n        if(toUser) {\n          //If user is not the current user then send the message \n          if(toUser._id != Meteor.userId())\n          {\n            //If message between these two users already exists, add this message to the current conversation, else create a new message \n            let existingMessage = Messages.findOne({$or: [{'originatingFromId': Meteor.userId()}, {'originatingToId': Meteor.userId()}], $or: [{'originatingFromId': toUser._id}, {'originatingToId': toUser._id}]});\n            \n            if(existingMessage) {\n              //Add message to existing conversation \n              Meteor.call('messages.addMessage', existingMessage._id, toUser._id, body, (error, result) => {\n                if(error) {\n                  Bert.alert(error.reason, 'danger', 'growl-top-right');\n                } else {\n                  //Display success message and reset form values \n                  Bert.alert('Message sent', 'success', 'growl-top-right');\n                  template.find('[data-id=message-to]').value = '';\n                  template.find('[data-id=message-body]').value = '';\n              \n                  //Switch the to allMessages view \n                  $('button').removeClass('active');\n                  $('#allMessagesButton').addClass('active');\n                  Session.set('currentView', 'allMessages');\n                }\n              });\n            } else {\n              //Create new message \n              Meteor.call('messages.insert', toUser._id, toUser.username, body, (error, result) => {\n                if(error) {                \n                  Bert.alert(error.reason, 'danger', 'growl-top-right');\n                } else {\n                  //Display success message and reset form values \n                  Bert.alert('Message sent', 'success', 'growl-top-right');\n                \n                  //Switch the to allMessages view \n                  $('button').removeClass('active');\n                  $('#allMessagesButton').addClass('active');\n                  Session.set('currentView', 'allMessages');\n                }\n              });\n            }\n          } else {\n            //Can't send a message to yourself, display error\n            Bert.alert('Sorry, you can only send messages to other users.', 'danger', 'growl-top-right');\n          }\n        } else {\n          //Wasn't a valid user, display error\n          Bert.alert('Sorry, we can\\'t find that user.  Please verify the username and try again.', 'danger', 'growl-top-right');\n        }  \n      }\n    }  \n  }\n});\n\n"]},"hash":"ff93d6f36cb69f327d8969a55183faf2b52d4752"}
